,paths
0,"[(12, 11, 'Rail', 1), (11, 10, 'Rail', 1), (10, 9, 'Rail', 1), (9, 8, 'Rail', 1), (8, 1, 'Rail', 1), (1, 5, 'Rail', 1)]"
1,"[(2, 3, 'Sea', 1), (3, 23, 'Sea', 1), (23, 24, 'Sea', 1)]"
2,"[(23, 3, 'Sea', 1), (3, 2, 'Sea', 1), (2, 1, 'Sea', 1)]"
3,"[(10, 12, 'Sea', 1)]"
4,"[(23, 22, 'Rail', 1), (22, 21, 'Rail', 1), (21, 11, 'Rail', 1)]"
5,"[(24, 23, 'Sea', 1), (23, 3, 'Sea', 1)]"
6,"[(4, 5, 'Sea', 1), (5, 6, 'Sea', 1), (6, 7, 'Sea', 1), (7, 9, 'Sea', 1), (9, 10, 'Sea', 1), (10, 12, 'Sea', 1)]"
7,"[(2, 3, 'Rail', 1)]"
8,"[(11, 10, 'Rail', 1), (10, 9, 'Rail', 1), (9, 8, 'Rail', 1), (8, 1, 'Rail', 1)]"
9,"[(1, 8, 'Rail', 1), (8, 9, 'Rail', 2)]"
10,"[(8, 9, 'Rail', 1), (9, 10, 'Rail', 1)]"
11,"[(1, 2, 'Sea', 1), (2, 3, 'Sea', 1), (3, 4, 'Sea', 1), (4, 5, 'Sea', 1), (5, 6, 'Sea', 1), (6, 7, 'Sea', 1)]"
12,"[(8, 1, 'Rail', 1), (1, 2, 'Rail', 1)]"
13,"[(10, 12, 'Sea', 1), (12, 13, 'Sea', 1)]"
14,"[(9, 7, 'Sea', 1), (7, 6, 'Sea', 1), (6, 5, 'Sea', 1), (5, 4, 'Sea', 1), (4, 3, 'Sea', 1), (3, 2, 'Sea', 1)]"
15,"[(9, 8, 'Rail', 2), (8, 1, 'Rail', 1)]"
16,"[(9, 8, 'Rail', 1), (8, 7, 'Rail', 1)]"
17,"[(12, 11, 'Rail', 1), (11, 10, 'Rail', 1), (10, 9, 'Rail', 1), (9, 8, 'Rail', 1), (8, 1, 'Rail', 1), (1, 2, 'Rail', 1), (2, 3, 'Rail', 1)]"
18,"[(12, 10, 'Sea', 1), (10, 9, 'Sea', 1), (9, 7, 'Sea', 1), (7, 6, 'Sea', 1), (6, 5, 'Sea', 1), (5, 4, 'Sea', 1), (4, 3, 'Sea', 1), (3, 2, 'Sea', 1), (2, 1, 'Sea', 1)]"
19,"[(3, 4, 'Sea', 1), (4, 5, 'Sea', 1), (5, 6, 'Sea', 1), (6, 7, 'Sea', 1), (7, 9, 'Sea', 1), (9, 10, 'Sea', 1), (10, 12, 'Sea', 1), (12, 13, 'Sea', 1)]"
20,"[(6, 5, 'Road', 1), (5, 4, 'Road', 1), (4, 3, 'Road', 1)]"
21,"[(23, 1, 'Road', 1), (1, 8, 'Road', 1)]"
22,"[(7, 9, 'Sea', 1), (9, 10, 'Sea', 1), (10, 12, 'Sea', 1)]"
23,"[(23, 1, 'Road', 1), (1, 2, 'Road', 1), (2, 3, 'Road', 1)]"
24,"[(6, 5, 'Road', 1), (5, 4, 'Road', 1)]"
25,"[(3, 2, 'Sea', 1), (2, 1, 'Sea', 1)]"
26,"[(22, 8, 'Rail', 1), (8, 9, 'Rail', 2)]"
27,"[(22, 8, 'Road', 1)]"
28,"[(5, 4, 'Sea', 1), (4, 25, 'Sea', 1)]"
29,"[(1, 2, 'Sea', 1), (2, 3, 'Sea', 1), (3, 4, 'Sea', 1), (4, 5, 'Sea', 1), (5, 6, 'Sea', 1), (6, 7, 'Sea', 1), (7, 9, 'Sea', 1)]"
30,"[(8, 7, 'Road', 1)]"
31,"[(11, 10, 'Rail', 1), (10, 9, 'Rail', 1), (9, 8, 'Rail', 2), (8, 1, 'Rail', 1)]"
32,"[(9, 8, 'Rail', 1), (8, 1, 'Rail', 1)]"
33,"[(9, 10, 'Road', 1), (10, 11, 'Road', 1)]"
34,"[(11, 10, 'Rail', 1), (10, 9, 'Rail', 1), (9, 8, 'Rail', 1), (8, 1, 'Rail', 1), (1, 2, 'Rail', 1), (2, 3, 'Rail', 1)]"
35,"[(11, 10, 'Sea', 1), (10, 9, 'Sea', 1), (9, 7, 'Sea', 1), (7, 6, 'Sea', 1), (6, 5, 'Sea', 1), (5, 4, 'Sea', 1), (4, 3, 'Sea', 1), (3, 23, 'Sea', 1)]"
36,"[(21, 9, 'Rail', 1), (9, 8, 'Rail', 1), (8, 7, 'Rail', 1)]"
37,"[(5, 4, 'Road', 1), (4, 3, 'Road', 1)]"
38,"[(5, 1, 'Rail', 1), (1, 8, 'Rail', 1), (8, 9, 'Rail', 1), (9, 10, 'Rail', 1), (10, 11, 'Rail', 1)]"
39,"[(23, 1, 'Road', 1), (1, 8, 'Road', 1), (8, 9, 'Road', 1), (9, 10, 'Road', 1), (10, 11, 'Road', 1), (11, 12, 'Road', 1)]"
40,"[(21, 9, 'Road', 1), (9, 8, 'Road', 1), (8, 1, 'Road', 1)]"
41,"[(11, 10, 'Road', 1), (10, 9, 'Road', 1), (9, 8, 'Road', 1), (8, 1, 'Road', 1), (1, 2, 'Road', 1)]"
42,"[(5, 6, 'Road', 1), (6, 7, 'Road', 1), (7, 9, 'Road', 1)]"
43,"[(6, 7, 'Sea', 1), (7, 9, 'Sea', 1), (9, 10, 'Sea', 1), (10, 12, 'Sea', 1), (12, 13, 'Sea', 1)]"
44,"[(3, 2, 'Road', 1), (2, 1, 'Road', 1), (1, 8, 'Road', 1), (8, 9, 'Road', 1), (9, 10, 'Road', 1), (10, 11, 'Road', 1)]"
45,"[(22, 23, 'Sea', 1), (23, 3, 'Sea', 1)]"
46,"[(22, 8, 'Rail', 1), (8, 1, 'Rail', 1), (1, 2, 'Rail', 1), (2, 3, 'Rail', 1), (3, 4, 'Rail', 1)]"
47,"[(4, 3, 'Road', 1), (3, 2, 'Road', 1)]"
48,"[(2, 1, 'Rail', 1), (1, 8, 'Rail', 1), (8, 7, 'Rail', 1)]"
49,"[(13, 12, 'Sea', 1), (12, 10, 'Sea', 1), (10, 9, 'Sea', 1), (9, 7, 'Sea', 1), (7, 6, 'Sea', 1), (6, 5, 'Sea', 1), (5, 4, 'Sea', 1), (4, 3, 'Sea', 1), (3, 2, 'Sea', 1), (2, 1, 'Sea', 1)]"
50,"[(6, 7, 'Road', 1)]"
51,"[(21, 9, 'Rail', 1), (9, 8, 'Rail', 1), (8, 1, 'Rail', 1)]"
52,"[(8, 22, 'Road', 1)]"
53,"[(21, 22, 'Rail', 1)]"
54,"[(2, 1, 'Rail', 1)]"
55,"[(21, 9, 'Rail', 1), (9, 8, 'Rail', 2), (8, 7, 'Rail', 1)]"
56,"[(3, 2, 'Rail', 1), (2, 1, 'Rail', 1), (1, 8, 'Rail', 1), (8, 9, 'Rail', 1), (9, 10, 'Rail', 1), (10, 11, 'Rail', 1)]"
57,"[(23, 3, 'Sea', 1), (3, 4, 'Sea', 1), (4, 5, 'Sea', 1), (5, 6, 'Sea', 1), (6, 7, 'Sea', 1), (7, 9, 'Sea', 1), (9, 10, 'Sea', 1), (10, 12, 'Sea', 1), (12, 13, 'Sea', 1)]"
58,"[(3, 4, 'Sea', 1), (4, 25, 'Sea', 1)]"
59,"[(11, 10, 'Road', 1), (10, 9, 'Road', 1), (9, 8, 'Road', 1), (8, 1, 'Road', 1)]"
60,"[(13, 12, 'Road', 1), (12, 11, 'Road', 1), (11, 10, 'Road', 1), (10, 9, 'Road', 1), (9, 8, 'Road', 1), (8, 1, 'Road', 1), (1, 2, 'Road', 1), (2, 3, 'Road', 1)]"
61,"[(3, 2, 'Rail', 1), (2, 1, 'Rail', 1), (1, 8, 'Rail', 1), (8, 9, 'Rail', 1)]"
62,"[(10, 11, 'Road', 1), (11, 12, 'Road', 1)]"
63,"[(7, 8, 'Rail', 1), (8, 9, 'Rail', 1), (9, 10, 'Rail', 1), (10, 11, 'Rail', 1)]"
64,"[(13, 12, 'Road', 1), (12, 11, 'Road', 1), (11, 10, 'Road', 1), (10, 9, 'Road', 1), (9, 8, 'Road', 1), (8, 1, 'Road', 1), (1, 23, 'Road', 1)]"
65,"[(21, 9, 'Rail', 1), (9, 8, 'Rail', 2), (8, 1, 'Rail', 1)]"
66,"[(23, 3, 'Sea', 1), (3, 2, 'Sea', 1)]"
67,"[(11, 10, 'Road', 1), (10, 9, 'Road', 1), (9, 8, 'Road', 1)]"
68,"[(12, 10, 'Sea', 1), (10, 9, 'Sea', 1), (9, 7, 'Sea', 1), (7, 6, 'Sea', 1), (6, 5, 'Sea', 1), (5, 4, 'Sea', 1), (4, 3, 'Sea', 1), (3, 2, 'Sea', 1)]"
69,"[(22, 21, 'Road', 1), (21, 10, 'Road', 1)]"
70,"[(21, 9, 'Road', 1), (9, 8, 'Road', 1), (8, 1, 'Road', 1), (1, 2, 'Road', 1)]"
71,"[(2, 3, 'Sea', 1), (3, 4, 'Sea', 1), (4, 25, 'Sea', 1)]"
72,"[(4, 3, 'Rail', 1), (3, 2, 'Rail', 1), (2, 1, 'Rail', 1)]"
73,"[(21, 9, 'Rail', 1), (9, 8, 'Rail', 1)]"
74,"[(2, 3, 'Sea', 1), (3, 4, 'Sea', 1), (4, 5, 'Sea', 1), (5, 6, 'Sea', 1), (6, 7, 'Sea', 1), (7, 9, 'Sea', 1), (9, 10, 'Sea', 1), (10, 11, 'Sea', 1)]"
75,"[(8, 9, 'Rail', 1), (9, 21, 'Rail', 1)]"
76,"[(11, 10, 'Road', 1), (10, 9, 'Road', 1), (9, 7, 'Road', 1)]"
77,"[(3, 2, 'Rail', 1), (2, 1, 'Rail', 1), (1, 8, 'Rail', 1)]"
78,"[(5, 1, 'Rail', 1), (1, 2, 'Rail', 1), (2, 3, 'Rail', 1), (3, 4, 'Rail', 1)]"
79,"[(13, 12, 'Road', 1), (12, 11, 'Road', 1)]"
80,"[(22, 1, 'Road', 1), (1, 2, 'Road', 1), (2, 3, 'Road', 1)]"
81,"[(22, 23, 'Sea', 1), (23, 3, 'Sea', 1), (3, 4, 'Sea', 1), (4, 5, 'Sea', 1), (5, 6, 'Sea', 1), (6, 7, 'Sea', 1), (7, 9, 'Sea', 1), (9, 10, 'Sea', 1), (10, 12, 'Sea', 1)]"
82,"[(4, 5, 'Road', 1), (5, 6, 'Road', 1), (6, 7, 'Road', 1), (7, 9, 'Road', 1), (9, 10, 'Road', 1), (10, 11, 'Road', 1), (11, 12, 'Road', 1), (12, 13, 'Road', 1)]"
83,"[(9, 10, 'Sea', 1), (10, 12, 'Sea', 1)]"
84,"[(10, 9, 'Sea', 1), (9, 7, 'Sea', 1)]"
85,"[(9, 8, 'Rail', 1), (8, 1, 'Rail', 1), (1, 2, 'Rail', 1)]"
86,"[(24, 23, 'Sea', 1), (23, 3, 'Sea', 1), (3, 4, 'Sea', 1), (4, 5, 'Sea', 1), (5, 6, 'Sea', 1), (6, 7, 'Sea', 1)]"
87,"[(10, 9, 'Rail', 1), (9, 8, 'Rail', 2), (8, 1, 'Rail', 1), (1, 5, 'Rail', 1)]"
88,"[(23, 3, 'Sea', 1), (3, 4, 'Sea', 1), (4, 5, 'Sea', 1), (5, 6, 'Sea', 1)]"
89,"[(6, 7, 'Road', 1), (7, 9, 'Road', 1), (9, 10, 'Road', 1), (10, 11, 'Road', 1), (11, 12, 'Road', 1)]"
90,"[(7, 8, 'Rail', 1), (8, 9, 'Rail', 1), (9, 10, 'Rail', 1)]"
91,"[(11, 10, 'Sea', 1), (10, 12, 'Sea', 1)]"
92,"[(23, 22, 'Rail', 1), (22, 8, 'Rail', 1), (8, 1, 'Rail', 1), (1, 5, 'Rail', 1)]"
93,"[(7, 8, 'Rail', 1), (8, 1, 'Rail', 1), (1, 2, 'Rail', 1)]"
94,"[(6, 5, 'Road', 1)]"
95,"[(10, 11, 'Rail', 1), (11, 21, 'Rail', 1)]"
96,"[(4, 5, 'Road', 1), (5, 6, 'Road', 1), (6, 7, 'Road', 1)]"
97,"[(12, 13, 'Sea', 1)]"
98,"[(22, 23, 'Sea', 1), (23, 3, 'Sea', 1), (3, 4, 'Sea', 1)]"
99,"[(23, 1, 'Road', 1), (1, 8, 'Road', 1), (8, 9, 'Road', 1)]"
100,"[(8, 7, 'Rail', 1)]"
101,"[(5, 1, 'Rail', 1), (1, 8, 'Rail', 1), (8, 9, 'Rail', 1), (9, 10, 'Rail', 1)]"
102,"[(8, 9, 'Rail', 2), (9, 10, 'Rail', 1), (10, 11, 'Rail', 1)]"
103,"[(11, 12, 'Road', 1)]"
104,"[(12, 11, 'Rail', 1)]"
105,"[(13, 12, 'Sea', 1), (12, 10, 'Sea', 1), (10, 9, 'Sea', 1), (9, 7, 'Sea', 1)]"
106,"[(1, 2, 'Sea', 1), (2, 3, 'Sea', 1), (3, 4, 'Sea', 1), (4, 5, 'Sea', 1), (5, 6, 'Sea', 1), (6, 7, 'Sea', 1), (7, 9, 'Sea', 1), (9, 10, 'Sea', 1)]"
107,"[(7, 6, 'Sea', 1), (6, 5, 'Sea', 1), (5, 4, 'Sea', 1), (4, 3, 'Sea', 1)]"
108,"[(25, 4, 'Sea', 1), (4, 5, 'Sea', 1), (5, 6, 'Sea', 1), (6, 7, 'Sea', 1), (7, 9, 'Sea', 1), (9, 10, 'Sea', 1)]"
109,"[(7, 8, 'Rail', 1), (8, 9, 'Rail', 1)]"
110,"[(9, 7, 'Road', 1), (7, 6, 'Road', 1), (6, 5, 'Road', 1), (5, 4, 'Road', 1)]"
111,"[(23, 22, 'Rail', 1), (22, 21, 'Rail', 1), (21, 11, 'Rail', 1), (11, 12, 'Rail', 1)]"
112,"[(9, 8, 'Rail', 2), (8, 1, 'Rail', 1), (1, 2, 'Rail', 1)]"
113,"[(6, 7, 'Sea', 1), (7, 9, 'Sea', 1)]"
114,"[(3, 2, 'Rail', 1), (2, 1, 'Rail', 1), (1, 8, 'Rail', 1), (8, 22, 'Rail', 1)]"
115,"[(10, 9, 'Sea', 1), (9, 7, 'Sea', 1), (7, 6, 'Sea', 1), (6, 5, 'Sea', 1), (5, 4, 'Sea', 1), (4, 25, 'Sea', 1)]"
116,"[(10, 11, 'Road', 1), (11, 12, 'Road', 1), (12, 13, 'Road', 1)]"
117,"[(2, 1, 'Road', 1), (1, 8, 'Road', 1), (8, 9, 'Road', 1), (9, 10, 'Road', 1), (10, 11, 'Road', 1)]"
118,"[(3, 2, 'Rail', 1), (2, 1, 'Rail', 1), (1, 5, 'Rail', 1)]"
119,"[(11, 10, 'Sea', 1), (10, 9, 'Sea', 1), (9, 7, 'Sea', 1), (7, 6, 'Sea', 1), (6, 5, 'Sea', 1), (5, 4, 'Sea', 1), (4, 3, 'Sea', 1)]"
120,"[(4, 3, 'Sea', 1), (3, 23, 'Sea', 1), (23, 24, 'Sea', 1)]"
121,"[(2, 1, 'Rail', 1), (1, 8, 'Rail', 1), (8, 9, 'Rail', 1), (9, 10, 'Rail', 1)]"
122,"[(13, 12, 'Road', 1), (12, 11, 'Road', 1), (11, 10, 'Road', 1), (10, 9, 'Road', 1), (9, 8, 'Road', 1), (8, 1, 'Road', 1), (1, 2, 'Road', 1)]"
123,"[(12, 21, 'Road', 1)]"
124,"[(23, 3, 'Sea', 1), (3, 4, 'Sea', 1), (4, 5, 'Sea', 1), (5, 6, 'Sea', 1), (6, 7, 'Sea', 1)]"
125,"[(6, 7, 'Road', 1), (7, 8, 'Road', 1)]"
126,"[(4, 3, 'Road', 1)]"
127,"[(3, 4, 'Rail', 1)]"
128,"[(7, 6, 'Sea', 1), (6, 5, 'Sea', 1)]"
129,"[(5, 6, 'Road', 1), (6, 7, 'Road', 1), (7, 9, 'Road', 1), (9, 10, 'Road', 1), (10, 11, 'Road', 1)]"
130,"[(12, 11, 'Rail', 1), (11, 10, 'Rail', 1), (10, 9, 'Rail', 1)]"
131,"[(12, 10, 'Sea', 1), (10, 9, 'Sea', 1), (9, 7, 'Sea', 1), (7, 6, 'Sea', 1)]"
132,"[(5, 4, 'Sea', 1), (4, 3, 'Sea', 1), (3, 23, 'Sea', 1), (23, 22, 'Sea', 1)]"
133,"[(12, 11, 'Road', 1), (11, 10, 'Road', 1), (10, 9, 'Road', 1), (9, 8, 'Road', 1), (8, 1, 'Road', 1), (1, 23, 'Road', 1)]"
134,"[(2, 1, 'Sea', 1)]"
135,"[(8, 1, 'Road', 1), (1, 2, 'Road', 1), (2, 3, 'Road', 1), (3, 4, 'Road', 1)]"
136,"[(1, 8, 'Rail', 1), (8, 9, 'Rail', 2), (9, 21, 'Rail', 1)]"
137,"[(22, 1, 'Road', 1)]"
138,"[(7, 9, 'Sea', 1), (9, 10, 'Sea', 1), (10, 12, 'Sea', 1), (12, 13, 'Sea', 1)]"
139,"[(4, 3, 'Rail', 1), (3, 2, 'Rail', 1), (2, 1, 'Rail', 1), (1, 8, 'Rail', 1), (8, 9, 'Rail', 1), (9, 10, 'Rail', 1), (10, 11, 'Rail', 1)]"
140,"[(10, 9, 'Sea', 1), (9, 7, 'Sea', 1), (7, 6, 'Sea', 1), (6, 5, 'Sea', 1), (5, 4, 'Sea', 1), (4, 3, 'Sea', 1)]"
141,"[(6, 5, 'Road', 1), (5, 2, 'Road', 1)]"
142,"[(1, 2, 'Sea', 1), (2, 3, 'Sea', 1), (3, 4, 'Sea', 1), (4, 5, 'Sea', 1), (5, 6, 'Sea', 1), (6, 7, 'Sea', 1), (7, 9, 'Sea', 1), (9, 10, 'Sea', 1), (10, 11, 'Sea', 1)]"
143,"[(3, 2, 'Road', 1), (2, 1, 'Road', 1)]"
144,"[(22, 8, 'Rail', 1), (8, 1, 'Rail', 1), (1, 2, 'Rail', 1), (2, 3, 'Rail', 1)]"
145,"[(25, 4, 'Sea', 1), (4, 5, 'Sea', 1), (5, 6, 'Sea', 1), (6, 7, 'Sea', 1), (7, 9, 'Sea', 1), (9, 10, 'Sea', 1), (10, 12, 'Sea', 1)]"
146,"[(24, 23, 'Sea', 1), (23, 3, 'Sea', 1), (3, 4, 'Sea', 1), (4, 5, 'Sea', 1), (5, 6, 'Sea', 1), (6, 7, 'Sea', 1), (7, 9, 'Sea', 1), (9, 10, 'Sea', 1), (10, 12, 'Sea', 1)]"
147,"[(12, 10, 'Sea', 1), (10, 9, 'Sea', 1), (9, 7, 'Sea', 1), (7, 6, 'Sea', 1), (6, 5, 'Sea', 1), (5, 4, 'Sea', 1)]"
148,"[(23, 1, 'Road', 1), (1, 5, 'Road', 1), (5, 6, 'Road', 1)]"
149,"[(24, 23, 'Sea', 1), (23, 3, 'Sea', 1), (3, 4, 'Sea', 1)]"
150,"[(7, 8, 'Rail', 1), (8, 9, 'Rail', 1), (9, 21, 'Rail', 1)]"
151,"[(1, 8, 'Rail', 1)]"
152,"[(2, 1, 'Road', 1), (1, 8, 'Road', 1), (8, 7, 'Road', 1)]"
153,"[(3, 2, 'Rail', 1), (2, 1, 'Rail', 1), (1, 8, 'Rail', 1), (8, 9, 'Rail', 2), (9, 10, 'Rail', 1), (10, 11, 'Rail', 1)]"
154,"[(4, 5, 'Road', 1), (5, 6, 'Road', 1), (6, 7, 'Road', 1), (7, 9, 'Road', 1), (9, 10, 'Road', 1), (10, 11, 'Road', 1), (11, 12, 'Road', 1)]"
155,"[(6, 5, 'Sea', 1), (5, 4, 'Sea', 1), (4, 3, 'Sea', 1), (3, 2, 'Sea', 1)]"
156,"[(10, 9, 'Sea', 1), (9, 7, 'Sea', 1), (7, 6, 'Sea', 1)]"
157,"[(2, 3, 'Road', 1), (3, 4, 'Road', 1)]"
158,"[(22, 23, 'Sea', 1), (23, 3, 'Sea', 1), (3, 4, 'Sea', 1), (4, 25, 'Sea', 1)]"
159,"[(1, 8, 'Road', 1)]"
160,"[(12, 10, 'Sea', 1), (10, 9, 'Sea', 1), (9, 7, 'Sea', 1), (7, 6, 'Sea', 1), (6, 5, 'Sea', 1), (5, 4, 'Sea', 1), (4, 25, 'Sea', 1)]"
161,"[(7, 8, 'Rail', 1), (8, 22, 'Rail', 1)]"
162,"[(22, 23, 'Sea', 1), (23, 3, 'Sea', 1), (3, 2, 'Sea', 1), (2, 1, 'Sea', 1)]"
163,"[(5, 1, 'Rail', 1), (1, 8, 'Rail', 1), (8, 9, 'Rail', 1), (9, 21, 'Rail', 1)]"
164,"[(21, 9, 'Rail', 1), (9, 8, 'Rail', 2), (8, 1, 'Rail', 1), (1, 2, 'Rail', 1)]"
165,"[(4, 3, 'Rail', 1), (3, 2, 'Rail', 1), (2, 1, 'Rail', 1), (1, 8, 'Rail', 1), (8, 7, 'Rail', 1)]"
166,"[(23, 22, 'Rail', 1), (22, 8, 'Rail', 1), (8, 9, 'Rail', 1)]"
167,"[(8, 1, 'Road', 1), (1, 5, 'Road', 1)]"
168,"[(4, 3, 'Rail', 1), (3, 2, 'Rail', 1), (2, 1, 'Rail', 1), (1, 8, 'Rail', 1)]"
169,"[(22, 1, 'Road', 1), (1, 2, 'Road', 1)]"
170,"[(10, 21, 'Road', 1), (21, 22, 'Road', 1)]"
171,"[(12, 11, 'Rail', 1), (11, 10, 'Rail', 1), (10, 9, 'Rail', 1), (9, 8, 'Rail', 2), (8, 1, 'Rail', 1), (1, 2, 'Rail', 1)]"
172,"[(11, 10, 'Road', 1), (10, 9, 'Road', 1), (9, 7, 'Road', 1), (7, 6, 'Road', 1), (6, 5, 'Road', 1), (5, 4, 'Road', 1)]"
173,"[(22, 21, 'Road', 1), (21, 12, 'Road', 1)]"
174,"[(10, 9, 'Sea', 1), (9, 7, 'Sea', 1), (7, 6, 'Sea', 1), (6, 5, 'Sea', 1), (5, 4, 'Sea', 1), (4, 3, 'Sea', 1), (3, 23, 'Sea', 1)]"
175,"[(5, 4, 'Road', 1)]"
176,"[(13, 12, 'Road', 1), (12, 11, 'Road', 1), (11, 10, 'Road', 1)]"
177,"[(9, 8, 'Road', 1)]"
178,"[(3, 2, 'Rail', 1), (2, 1, 'Rail', 1)]"
179,"[(12, 11, 'Road', 1), (11, 10, 'Road', 1), (10, 9, 'Road', 1), (9, 8, 'Road', 1), (8, 1, 'Road', 1), (1, 2, 'Road', 1)]"
180,"[(11, 21, 'Rail', 1), (21, 22, 'Rail', 1), (22, 23, 'Rail', 1)]"
181,"[(2, 1, 'Rail', 1), (1, 8, 'Rail', 1), (8, 9, 'Rail', 1), (9, 21, 'Rail', 1)]"
182,"[(7, 8, 'Rail', 1)]"
183,"[(9, 10, 'Road', 1), (10, 11, 'Road', 1), (11, 12, 'Road', 1)]"
184,"[(11, 10, 'Sea', 1), (10, 9, 'Sea', 1), (9, 7, 'Sea', 1), (7, 6, 'Sea', 1), (6, 5, 'Sea', 1)]"
185,"[(21, 22, 'Rail', 1), (22, 23, 'Rail', 1)]"
186,"[(11, 10, 'Sea', 1), (10, 9, 'Sea', 1), (9, 7, 'Sea', 1), (7, 6, 'Sea', 1), (6, 5, 'Sea', 1), (5, 4, 'Sea', 1), (4, 3, 'Sea', 1), (3, 2, 'Sea', 1)]"
187,"[(11, 21, 'Rail', 1)]"
188,"[(5, 6, 'Sea', 1), (6, 7, 'Sea', 1), (7, 9, 'Sea', 1), (9, 10, 'Sea', 1), (10, 11, 'Sea', 1)]"
189,"[(1, 5, 'Rail', 1)]"
190,"[(9, 7, 'Road', 1), (7, 6, 'Road', 1), (6, 5, 'Road', 1)]"
191,"[(5, 1, 'Rail', 1), (1, 8, 'Rail', 1), (8, 9, 'Rail', 2), (9, 10, 'Rail', 1), (10, 11, 'Rail', 1), (11, 12, 'Rail', 1)]"
192,"[(9, 8, 'Rail', 1), (8, 1, 'Rail', 1), (1, 2, 'Rail', 1), (2, 3, 'Rail', 1), (3, 4, 'Rail', 1)]"
193,"[(12, 10, 'Sea', 1), (10, 9, 'Sea', 1), (9, 7, 'Sea', 1), (7, 6, 'Sea', 1), (6, 5, 'Sea', 1), (5, 4, 'Sea', 1), (4, 3, 'Sea', 1)]"
194,"[(23, 1, 'Road', 1), (1, 8, 'Road', 1), (8, 9, 'Road', 1), (9, 10, 'Road', 1)]"
195,"[(5, 4, 'Sea', 1)]"
196,"[(22, 23, 'Road', 1)]"
197,"[(22, 21, 'Road', 1), (21, 12, 'Road', 1), (12, 13, 'Road', 1)]"
198,"[(4, 3, 'Rail', 1), (3, 2, 'Rail', 1), (2, 1, 'Rail', 1), (1, 8, 'Rail', 1), (8, 9, 'Rail', 2)]"
199,"[(11, 10, 'Rail', 1)]"
200,"[(4, 3, 'Road', 1), (3, 2, 'Road', 1), (2, 1, 'Road', 1), (1, 8, 'Road', 1)]"
201,"[(21, 9, 'Rail', 1), (9, 8, 'Rail', 1), (8, 1, 'Rail', 1), (1, 2, 'Rail', 1), (2, 3, 'Rail', 1), (3, 4, 'Rail', 1)]"
202,"[(4, 3, 'Rail', 1), (3, 2, 'Rail', 1), (2, 1, 'Rail', 1), (1, 5, 'Rail', 1)]"
203,"[(1, 2, 'Rail', 1), (2, 3, 'Rail', 1), (3, 4, 'Rail', 1)]"
204,"[(6, 5, 'Road', 1), (5, 1, 'Road', 1)]"
205,"[(7, 6, 'Sea', 1)]"
206,"[(9, 7, 'Sea', 1), (7, 6, 'Sea', 1), (6, 5, 'Sea', 1), (5, 4, 'Sea', 1), (4, 25, 'Sea', 1)]"
207,"[(8, 9, 'Road', 1), (9, 10, 'Road', 1), (10, 11, 'Road', 1), (11, 12, 'Road', 1)]"
208,"[(1, 8, 'Road', 1), (8, 9, 'Road', 1), (9, 10, 'Road', 1)]"
209,"[(5, 1, 'Rail', 1), (1, 8, 'Rail', 1), (8, 9, 'Rail', 2)]"
210,"[(8, 1, 'Road', 1)]"
211,"[(8, 9, 'Rail', 2), (9, 10, 'Rail', 1), (10, 11, 'Rail', 1), (11, 12, 'Rail', 1)]"
212,"[(23, 22, 'Rail', 1), (22, 8, 'Rail', 1), (8, 1, 'Rail', 1), (1, 2, 'Rail', 1), (2, 3, 'Rail', 1), (3, 4, 'Rail', 1)]"
213,"[(3, 4, 'Sea', 1)]"
214,"[(3, 4, 'Sea', 1), (4, 5, 'Sea', 1), (5, 6, 'Sea', 1), (6, 7, 'Sea', 1)]"
215,"[(22, 1, 'Road', 1), (1, 5, 'Road', 1), (5, 6, 'Road', 1)]"
216,"[(25, 4, 'Sea', 1), (4, 3, 'Sea', 1)]"
217,"[(11, 10, 'Sea', 1), (10, 9, 'Sea', 1), (9, 7, 'Sea', 1), (7, 6, 'Sea', 1)]"
218,"[(24, 23, 'Sea', 1), (23, 3, 'Sea', 1), (3, 4, 'Sea', 1), (4, 5, 'Sea', 1), (5, 6, 'Sea', 1), (6, 7, 'Sea', 1), (7, 9, 'Sea', 1), (9, 10, 'Sea', 1), (10, 12, 'Sea', 1), (12, 13, 'Sea', 1)]"
219,"[(23, 3, 'Sea', 1), (3, 4, 'Sea', 1), (4, 5, 'Sea', 1), (5, 6, 'Sea', 1), (6, 7, 'Sea', 1), (7, 9, 'Sea', 1)]"
220,"[(7, 6, 'Sea', 1), (6, 5, 'Sea', 1), (5, 4, 'Sea', 1), (4, 3, 'Sea', 1), (3, 2, 'Sea', 1), (2, 1, 'Sea', 1)]"
221,"[(10, 11, 'Rail', 1), (11, 21, 'Rail', 1), (21, 22, 'Rail', 1), (22, 23, 'Rail', 1)]"
222,"[(7, 9, 'Sea', 1), (9, 10, 'Sea', 1)]"
223,"[(1, 2, 'Sea', 1)]"
224,"[(12, 11, 'Road', 1), (11, 10, 'Road', 1), (10, 9, 'Road', 1), (9, 8, 'Road', 1), (8, 1, 'Road', 1)]"
225,"[(3, 2, 'Rail', 1), (2, 1, 'Rail', 1), (1, 8, 'Rail', 1), (8, 9, 'Rail', 1), (9, 10, 'Rail', 1), (10, 11, 'Rail', 1), (11, 12, 'Rail', 1)]"
226,"[(24, 23, 'Sea', 1), (23, 3, 'Sea', 1), (3, 4, 'Sea', 1), (4, 5, 'Sea', 1)]"
227,"[(4, 5, 'Road', 1)]"
228,"[(5, 1, 'Rail', 1), (1, 2, 'Rail', 1)]"
229,"[(22, 8, 'Rail', 1), (8, 1, 'Rail', 1)]"
230,"[(8, 9, 'Road', 1), (9, 10, 'Road', 1)]"
231,"[(5, 4, 'Sea', 1), (4, 3, 'Sea', 1), (3, 23, 'Sea', 1), (23, 24, 'Sea', 1)]"
232,"[(8, 7, 'Road', 1), (7, 6, 'Road', 1)]"
233,"[(2, 3, 'Sea', 1)]"
234,"[(13, 12, 'Road', 1), (12, 11, 'Road', 1), (11, 10, 'Road', 1), (10, 9, 'Road', 1), (9, 7, 'Road', 1), (7, 6, 'Road', 1)]"
235,"[(4, 3, 'Rail', 1), (3, 2, 'Rail', 1), (2, 1, 'Rail', 1), (1, 8, 'Rail', 1), (8, 9, 'Rail', 1), (9, 10, 'Rail', 1)]"
236,"[(7, 8, 'Rail', 1), (8, 1, 'Rail', 1), (1, 2, 'Rail', 1), (2, 3, 'Rail', 1)]"
237,"[(8, 9, 'Rail', 2), (9, 10, 'Rail', 1)]"
238,"[(4, 5, 'Road', 1), (5, 6, 'Road', 1), (6, 7, 'Road', 1), (7, 9, 'Road', 1), (9, 10, 'Road', 1), (10, 11, 'Road', 1)]"
239,"[(4, 3, 'Sea', 1), (3, 23, 'Sea', 1), (23, 22, 'Sea', 1)]"
240,"[(2, 3, 'Sea', 1), (3, 4, 'Sea', 1), (4, 5, 'Sea', 1), (5, 6, 'Sea', 1), (6, 7, 'Sea', 1), (7, 9, 'Sea', 1), (9, 10, 'Sea', 1), (10, 12, 'Sea', 1), (12, 13, 'Sea', 1)]"
241,"[(21, 9, 'Rail', 1), (9, 8, 'Rail', 1), (8, 1, 'Rail', 1), (1, 2, 'Rail', 1)]"
242,"[(9, 7, 'Sea', 1), (7, 6, 'Sea', 1), (6, 5, 'Sea', 1), (5, 4, 'Sea', 1), (4, 3, 'Sea', 1)]"
243,"[(3, 2, 'Road', 1), (2, 1, 'Road', 1), (1, 8, 'Road', 1), (8, 9, 'Road', 1), (9, 10, 'Road', 1), (10, 11, 'Road', 1), (11, 12, 'Road', 1), (12, 13, 'Road', 1)]"
244,"[(11, 10, 'Sea', 1), (10, 9, 'Sea', 1), (9, 7, 'Sea', 1), (7, 6, 'Sea', 1), (6, 5, 'Sea', 1), (5, 4, 'Sea', 1), (4, 3, 'Sea', 1), (3, 2, 'Sea', 1), (2, 1, 'Sea', 1)]"
245,"[(12, 11, 'Rail', 1), (11, 10, 'Rail', 1), (10, 9, 'Rail', 1), (9, 8, 'Rail', 1), (8, 1, 'Rail', 1), (1, 2, 'Rail', 1)]"
246,"[(1, 8, 'Rail', 1), (8, 9, 'Rail', 1), (9, 10, 'Rail', 1), (10, 11, 'Rail', 1)]"
247,"[(4, 5, 'Sea', 1), (5, 6, 'Sea', 1), (6, 7, 'Sea', 1), (7, 9, 'Sea', 1)]"
248,"[(7, 9, 'Road', 1), (9, 21, 'Road', 1)]"
249,"[(12, 11, 'Rail', 1), (11, 10, 'Rail', 1), (10, 9, 'Rail', 1), (9, 8, 'Rail', 1)]"
250,"[(24, 23, 'Sea', 1), (23, 3, 'Sea', 1), (3, 4, 'Sea', 1), (4, 5, 'Sea', 1), (5, 6, 'Sea', 1)]"
251,"[(13, 12, 'Sea', 1), (12, 10, 'Sea', 1), (10, 9, 'Sea', 1), (9, 7, 'Sea', 1), (7, 6, 'Sea', 1), (6, 5, 'Sea', 1), (5, 4, 'Sea', 1), (4, 3, 'Sea', 1), (3, 23, 'Sea', 1)]"
252,"[(4, 3, 'Rail', 1), (3, 2, 'Rail', 1)]"
253,"[(13, 12, 'Sea', 1), (12, 10, 'Sea', 1), (10, 9, 'Sea', 1), (9, 7, 'Sea', 1), (7, 6, 'Sea', 1), (6, 5, 'Sea', 1), (5, 4, 'Sea', 1), (4, 25, 'Sea', 1)]"
254,"[(25, 4, 'Sea', 1), (4, 3, 'Sea', 1), (3, 23, 'Sea', 1), (23, 22, 'Sea', 1)]"
255,"[(6, 7, 'Sea', 1), (7, 9, 'Sea', 1), (9, 10, 'Sea', 1), (10, 12, 'Sea', 1)]"
256,"[(21, 9, 'Road', 1), (9, 8, 'Road', 1)]"
257,"[(10, 11, 'Sea', 1)]"
258,"[(11, 10, 'Road', 1), (10, 9, 'Road', 1)]"
259,"[(7, 9, 'Road', 1)]"
260,"[(9, 10, 'Road', 1)]"
261,"[(10, 11, 'Rail', 1), (11, 21, 'Rail', 1), (21, 22, 'Rail', 1)]"
262,"[(3, 4, 'Road', 1)]"
263,"[(9, 8, 'Rail', 1)]"
264,"[(11, 10, 'Road', 1)]"
265,"[(21, 9, 'Road', 1), (9, 7, 'Road', 1)]"
266,"[(22, 9, 'Road', 1)]"
267,"[(22, 21, 'Road', 1)]"
268,"[(3, 2, 'Rail', 1), (2, 1, 'Rail', 1), (1, 8, 'Rail', 1), (8, 9, 'Rail', 1), (9, 10, 'Rail', 1)]"
269,"[(10, 9, 'Rail', 1), (9, 8, 'Rail', 1), (8, 1, 'Rail', 1), (1, 2, 'Rail', 1), (2, 3, 'Rail', 1)]"
270,"[(1, 8, 'Rail', 1), (8, 9, 'Rail', 2), (9, 10, 'Rail', 1), (10, 11, 'Rail', 1)]"
271,"[(4, 5, 'Road', 1), (5, 6, 'Road', 1)]"
272,"[(3, 2, 'Road', 1), (2, 1, 'Road', 1), (1, 8, 'Road', 1), (8, 7, 'Road', 1)]"
273,"[(5, 6, 'Sea', 1)]"
274,"[(5, 1, 'Rail', 1), (1, 8, 'Rail', 1), (8, 9, 'Rail', 2), (9, 10, 'Rail', 1)]"
275,"[(1, 2, 'Sea', 1), (2, 3, 'Sea', 1), (3, 4, 'Sea', 1), (4, 5, 'Sea', 1), (5, 6, 'Sea', 1), (6, 7, 'Sea', 1), (7, 9, 'Sea', 1), (9, 10, 'Sea', 1), (10, 12, 'Sea', 1), (12, 13, 'Sea', 1)]"
276,"[(10, 9, 'Rail', 1), (9, 8, 'Rail', 2), (8, 7, 'Rail', 1)]"
277,"[(13, 12, 'Sea', 1), (12, 10, 'Sea', 1), (10, 9, 'Sea', 1)]"
278,"[(8, 22, 'Rail', 1), (22, 23, 'Rail', 1)]"
279,"[(1, 8, 'Rail', 1), (8, 9, 'Rail', 1), (9, 10, 'Rail', 1), (10, 11, 'Rail', 1), (11, 12, 'Rail', 1)]"
280,"[(6, 5, 'Sea', 1), (5, 4, 'Sea', 1), (4, 3, 'Sea', 1), (3, 23, 'Sea', 1), (23, 22, 'Sea', 1)]"
281,"[(3, 2, 'Sea', 1)]"
282,"[(12, 11, 'Rail', 1), (11, 10, 'Rail', 1), (10, 9, 'Rail', 1), (9, 8, 'Rail', 1), (8, 7, 'Rail', 1)]"
283,"[(21, 9, 'Rail', 1), (9, 8, 'Rail', 2), (8, 1, 'Rail', 1), (1, 2, 'Rail', 1), (2, 3, 'Rail', 1), (3, 4, 'Rail', 1)]"
284,"[(21, 9, 'Road', 1), (9, 7, 'Road', 1), (7, 6, 'Road', 1), (6, 5, 'Road', 1)]"
285,"[(5, 4, 'Sea', 1), (4, 3, 'Sea', 1)]"
286,"[(11, 10, 'Rail', 1), (10, 9, 'Rail', 1), (9, 8, 'Rail', 1)]"
287,"[(11, 10, 'Rail', 1), (10, 9, 'Rail', 1), (9, 8, 'Rail', 2), (8, 1, 'Rail', 1), (1, 5, 'Rail', 1)]"
288,"[(11, 10, 'Sea', 1)]"
289,"[(13, 12, 'Sea', 1), (12, 10, 'Sea', 1), (10, 9, 'Sea', 1), (9, 7, 'Sea', 1), (7, 6, 'Sea', 1), (6, 5, 'Sea', 1), (5, 4, 'Sea', 1), (4, 3, 'Sea', 1)]"
290,"[(1, 8, 'Road', 1), (8, 9, 'Road', 1), (9, 21, 'Road', 1)]"
291,"[(1, 2, 'Sea', 1), (2, 3, 'Sea', 1), (3, 23, 'Sea', 1), (23, 24, 'Sea', 1)]"
292,"[(4, 5, 'Sea', 1), (5, 6, 'Sea', 1)]"
293,"[(5, 6, 'Sea', 1), (6, 7, 'Sea', 1), (7, 9, 'Sea', 1), (9, 10, 'Sea', 1), (10, 12, 'Sea', 1), (12, 13, 'Sea', 1)]"
294,"[(12, 11, 'Road', 1)]"
295,"[(25, 4, 'Sea', 1), (4, 3, 'Sea', 1), (3, 23, 'Sea', 1)]"
296,"[(1, 8, 'Rail', 1), (8, 9, 'Rail', 2), (9, 10, 'Rail', 1)]"
297,"[(1, 8, 'Road', 1), (8, 9, 'Road', 1), (9, 10, 'Road', 1), (10, 11, 'Road', 1)]"
298,"[(9, 10, 'Rail', 1), (10, 11, 'Rail', 1), (11, 12, 'Rail', 1)]"
299,"[(12, 11, 'Rail', 1), (11, 10, 'Rail', 1), (10, 9, 'Rail', 1), (9, 8, 'Rail', 1), (8, 1, 'Rail', 1)]"
300,"[(1, 8, 'Road', 1), (8, 9, 'Road', 1), (9, 10, 'Road', 1), (10, 11, 'Road', 1), (11, 12, 'Road', 1), (12, 13, 'Road', 1)]"
301,"[(22, 21, 'Rail', 1), (21, 11, 'Rail', 1)]"
302,"[(3, 4, 'Sea', 1), (4, 5, 'Sea', 1), (5, 6, 'Sea', 1)]"
303,"[(9, 8, 'Rail', 2), (8, 22, 'Rail', 1)]"
304,"[(4, 3, 'Rail', 1), (3, 2, 'Rail', 1), (2, 1, 'Rail', 1), (1, 8, 'Rail', 1), (8, 9, 'Rail', 1), (9, 21, 'Rail', 1)]"
305,"[(1, 2, 'Road', 1), (2, 3, 'Road', 1)]"
306,"[(8, 9, 'Rail', 2), (9, 21, 'Rail', 1)]"
307,"[(2, 1, 'Rail', 1), (1, 8, 'Rail', 1), (8, 9, 'Rail', 2)]"
308,"[(12, 11, 'Rail', 1), (11, 10, 'Rail', 1), (10, 9, 'Rail', 1), (9, 8, 'Rail', 2), (8, 7, 'Rail', 1)]"
309,"[(2, 3, 'Sea', 1), (3, 4, 'Sea', 1), (4, 5, 'Sea', 1), (5, 6, 'Sea', 1), (6, 7, 'Sea', 1), (7, 9, 'Sea', 1), (9, 10, 'Sea', 1), (10, 12, 'Sea', 1)]"
310,"[(4, 5, 'Sea', 1), (5, 6, 'Sea', 1), (6, 7, 'Sea', 1), (7, 9, 'Sea', 1), (9, 10, 'Sea', 1)]"
311,"[(3, 4, 'Sea', 1), (4, 5, 'Sea', 1), (5, 6, 'Sea', 1), (6, 7, 'Sea', 1), (7, 9, 'Sea', 1), (9, 10, 'Sea', 1)]"
312,"[(7, 8, 'Road', 1), (8, 22, 'Road', 1)]"
313,"[(2, 3, 'Sea', 1), (3, 4, 'Sea', 1), (4, 5, 'Sea', 1), (5, 6, 'Sea', 1), (6, 7, 'Sea', 1), (7, 9, 'Sea', 1)]"
314,"[(8, 9, 'Road', 1), (9, 21, 'Road', 1)]"
315,"[(1, 8, 'Road', 1), (8, 9, 'Road', 1), (9, 10, 'Road', 1), (10, 11, 'Road', 1), (11, 12, 'Road', 1)]"
316,"[(21, 9, 'Rail', 1)]"
317,"[(7, 9, 'Road', 1), (9, 10, 'Road', 1), (10, 11, 'Road', 1), (11, 12, 'Road', 1)]"
318,"[(2, 3, 'Rail', 1), (3, 4, 'Rail', 1)]"
319,"[(9, 8, 'Rail', 1), (8, 22, 'Rail', 1)]"
320,"[(21, 9, 'Road', 1)]"
321,"[(7, 8, 'Rail', 1), (8, 9, 'Rail', 2), (9, 10, 'Rail', 1)]"
322,"[(1, 2, 'Sea', 1), (2, 3, 'Sea', 1), (3, 4, 'Sea', 1)]"
323,"[(13, 12, 'Road', 1), (12, 11, 'Road', 1), (11, 10, 'Road', 1), (10, 9, 'Road', 1)]"
324,"[(12, 11, 'Rail', 1), (11, 10, 'Rail', 1), (10, 9, 'Rail', 1), (9, 8, 'Rail', 2), (8, 1, 'Rail', 1)]"
325,"[(7, 8, 'Road', 1)]"
326,"[(12, 11, 'Rail', 1), (11, 21, 'Rail', 1), (21, 22, 'Rail', 1)]"
327,"[(5, 1, 'Road', 1), (1, 22, 'Road', 1)]"
328,"[(11, 21, 'Road', 1)]"
329,"[(12, 10, 'Sea', 1), (10, 9, 'Sea', 1), (9, 7, 'Sea', 1), (7, 6, 'Sea', 1), (6, 5, 'Sea', 1), (5, 4, 'Sea', 1), (4, 3, 'Sea', 1), (3, 23, 'Sea', 1), (23, 22, 'Sea', 1)]"
330,"[(1, 5, 'Road', 1)]"
331,"[(23, 3, 'Sea', 1), (3, 4, 'Sea', 1), (4, 5, 'Sea', 1), (5, 6, 'Sea', 1), (6, 7, 'Sea', 1), (7, 9, 'Sea', 1), (9, 10, 'Sea', 1), (10, 11, 'Sea', 1)]"
332,"[(3, 2, 'Rail', 1), (2, 1, 'Rail', 1), (1, 8, 'Rail', 1), (8, 9, 'Rail', 1), (9, 21, 'Rail', 1)]"
333,"[(10, 9, 'Sea', 1), (9, 7, 'Sea', 1), (7, 6, 'Sea', 1), (6, 5, 'Sea', 1), (5, 4, 'Sea', 1), (4, 3, 'Sea', 1), (3, 2, 'Sea', 1)]"
334,"[(10, 9, 'Rail', 1), (9, 8, 'Rail', 2), (8, 1, 'Rail', 1), (1, 2, 'Rail', 1)]"
335,"[(12, 11, 'Rail', 1), (11, 10, 'Rail', 1)]"
336,"[(22, 23, 'Sea', 1), (23, 3, 'Sea', 1), (3, 4, 'Sea', 1), (4, 5, 'Sea', 1), (5, 6, 'Sea', 1), (6, 7, 'Sea', 1), (7, 9, 'Sea', 1), (9, 10, 'Sea', 1), (10, 11, 'Sea', 1)]"
337,"[(7, 6, 'Road', 1), (6, 5, 'Road', 1)]"
338,"[(23, 22, 'Rail', 1), (22, 8, 'Rail', 1), (8, 1, 'Rail', 1), (1, 2, 'Rail', 1)]"
339,"[(8, 1, 'Rail', 1)]"
340,"[(9, 7, 'Sea', 1), (7, 6, 'Sea', 1), (6, 5, 'Sea', 1), (5, 4, 'Sea', 1), (4, 3, 'Sea', 1), (3, 23, 'Sea', 1), (23, 22, 'Sea', 1)]"
341,"[(5, 4, 'Sea', 1), (4, 3, 'Sea', 1), (3, 23, 'Sea', 1)]"
342,"[(5, 1, 'Rail', 1), (1, 8, 'Rail', 1), (8, 9, 'Rail', 2), (9, 21, 'Rail', 1)]"
343,"[(9, 21, 'Road', 1)]"
344,"[(23, 22, 'Sea', 1)]"
345,"[(3, 23, 'Sea', 1)]"
346,"[(2, 1, 'Rail', 1), (1, 8, 'Rail', 1), (8, 9, 'Rail', 2), (9, 10, 'Rail', 1)]"
347,"[(3, 2, 'Road', 1), (2, 1, 'Road', 1), (1, 8, 'Road', 1), (8, 9, 'Road', 1), (9, 10, 'Road', 1)]"
348,"[(5, 6, 'Road', 1), (6, 7, 'Road', 1)]"
349,"[(22, 21, 'Rail', 1), (21, 11, 'Rail', 1), (11, 12, 'Rail', 1)]"
350,"[(10, 9, 'Sea', 1), (9, 7, 'Sea', 1), (7, 6, 'Sea', 1), (6, 5, 'Sea', 1), (5, 4, 'Sea', 1)]"
351,"[(25, 4, 'Sea', 1), (4, 3, 'Sea', 1), (3, 23, 'Sea', 1), (23, 24, 'Sea', 1)]"
352,"[(13, 12, 'Sea', 1), (12, 10, 'Sea', 1), (10, 9, 'Sea', 1), (9, 7, 'Sea', 1), (7, 6, 'Sea', 1), (6, 5, 'Sea', 1), (5, 4, 'Sea', 1), (4, 3, 'Sea', 1), (3, 23, 'Sea', 1), (23, 22, 'Sea', 1)]"
353,"[(12, 11, 'Road', 1), (11, 10, 'Road', 1)]"
354,"[(6, 5, 'Road', 1), (5, 1, 'Road', 1), (1, 22, 'Road', 1)]"
355,"[(8, 9, 'Rail', 2)]"
356,"[(2, 1, 'Road', 1), (1, 8, 'Road', 1), (8, 9, 'Road', 1), (9, 10, 'Road', 1), (10, 11, 'Road', 1), (11, 12, 'Road', 1)]"
357,"[(5, 1, 'Road', 1)]"
358,"[(8, 1, 'Road', 1), (1, 23, 'Road', 1)]"
359,"[(13, 12, 'Sea', 1), (12, 10, 'Sea', 1), (10, 9, 'Sea', 1), (9, 7, 'Sea', 1), (7, 6, 'Sea', 1), (6, 5, 'Sea', 1)]"
360,"[(6, 7, 'Sea', 1), (7, 9, 'Sea', 1), (9, 10, 'Sea', 1)]"
361,"[(24, 23, 'Sea', 1), (23, 3, 'Sea', 1), (3, 4, 'Sea', 1), (4, 5, 'Sea', 1), (5, 6, 'Sea', 1), (6, 7, 'Sea', 1), (7, 9, 'Sea', 1), (9, 10, 'Sea', 1)]"
362,"[(1, 22, 'Road', 1)]"
363,"[(8, 9, 'Rail', 1), (9, 10, 'Rail', 1), (10, 11, 'Rail', 1), (11, 12, 'Rail', 1)]"
364,"[(2, 1, 'Rail', 1), (1, 8, 'Rail', 1), (8, 9, 'Rail', 2), (9, 10, 'Rail', 1), (10, 11, 'Rail', 1), (11, 12, 'Rail', 1)]"
365,"[(11, 10, 'Rail', 1), (10, 9, 'Rail', 1), (9, 8, 'Rail', 1), (8, 1, 'Rail', 1), (1, 5, 'Rail', 1)]"
366,"[(1, 8, 'Road', 1), (8, 9, 'Road', 1)]"
367,"[(3, 2, 'Road', 1), (2, 1, 'Road', 1), (1, 22, 'Road', 1)]"
368,"[(5, 6, 'Road', 1), (6, 7, 'Road', 1), (7, 9, 'Road', 1), (9, 21, 'Road', 1)]"
369,"[(7, 9, 'Road', 1), (9, 10, 'Road', 1), (10, 11, 'Road', 1), (11, 12, 'Road', 1), (12, 13, 'Road', 1)]"
370,"[(9, 8, 'Rail', 2), (8, 1, 'Rail', 1), (1, 2, 'Rail', 1), (2, 3, 'Rail', 1), (3, 4, 'Rail', 1)]"
371,"[(13, 12, 'Sea', 1)]"
372,"[(25, 4, 'Sea', 1), (4, 5, 'Sea', 1), (5, 6, 'Sea', 1), (6, 7, 'Sea', 1)]"
373,"[(22, 8, 'Rail', 1), (8, 1, 'Rail', 1), (1, 5, 'Rail', 1)]"
374,"[(6, 5, 'Sea', 1), (5, 4, 'Sea', 1), (4, 25, 'Sea', 1)]"
375,"[(13, 12, 'Road', 1), (12, 11, 'Road', 1), (11, 10, 'Road', 1), (10, 9, 'Road', 1), (9, 8, 'Road', 1)]"
376,"[(7, 8, 'Road', 1), (8, 1, 'Road', 1), (1, 2, 'Road', 1), (2, 3, 'Road', 1)]"
377,"[(10, 9, 'Road', 1), (9, 7, 'Road', 1), (7, 6, 'Road', 1), (6, 5, 'Road', 1)]"
378,"[(5, 6, 'Road', 1), (6, 7, 'Road', 1), (7, 9, 'Road', 1), (9, 10, 'Road', 1), (10, 11, 'Road', 1), (11, 12, 'Road', 1), (12, 13, 'Road', 1)]"
379,"[(7, 9, 'Sea', 1)]"
380,"[(2, 1, 'Road', 1), (1, 22, 'Road', 1)]"
381,"[(1, 2, 'Sea', 1), (2, 3, 'Sea', 1)]"
382,"[(3, 4, 'Sea', 1), (4, 5, 'Sea', 1), (5, 6, 'Sea', 1), (6, 7, 'Sea', 1), (7, 9, 'Sea', 1), (9, 10, 'Sea', 1), (10, 11, 'Sea', 1)]"
383,"[(1, 2, 'Sea', 1), (2, 3, 'Sea', 1), (3, 4, 'Sea', 1), (4, 5, 'Sea', 1), (5, 6, 'Sea', 1), (6, 7, 'Sea', 1), (7, 9, 'Sea', 1), (9, 10, 'Sea', 1), (10, 12, 'Sea', 1)]"
384,"[(9, 8, 'Rail', 2), (8, 22, 'Rail', 1), (22, 23, 'Rail', 1)]"
385,"[(10, 9, 'Sea', 1)]"
386,"[(13, 12, 'Road', 1), (12, 11, 'Road', 1), (11, 10, 'Road', 1), (10, 9, 'Road', 1), (9, 7, 'Road', 1)]"
387,"[(13, 12, 'Sea', 1), (12, 10, 'Sea', 1), (10, 11, 'Sea', 1)]"
388,"[(7, 8, 'Rail', 1), (8, 9, 'Rail', 2), (9, 21, 'Rail', 1)]"
389,"[(6, 5, 'Sea', 1), (5, 4, 'Sea', 1), (4, 3, 'Sea', 1), (3, 23, 'Sea', 1), (23, 24, 'Sea', 1)]"
390,"[(22, 8, 'Road', 1), (8, 7, 'Road', 1)]"
391,"[(8, 1, 'Road', 1), (1, 2, 'Road', 1), (2, 3, 'Road', 1)]"
392,"[(21, 22, 'Road', 1), (22, 23, 'Road', 1)]"
393,"[(10, 9, 'Road', 1), (9, 8, 'Road', 1)]"
394,"[(21, 9, 'Rail', 1), (9, 8, 'Rail', 2), (8, 1, 'Rail', 1), (1, 2, 'Rail', 1), (2, 3, 'Rail', 1)]"
395,"[(9, 7, 'Road', 1), (7, 6, 'Road', 1)]"
396,"[(22, 23, 'Sea', 1), (23, 3, 'Sea', 1), (3, 2, 'Sea', 1)]"
397,"[(23, 1, 'Road', 1), (1, 8, 'Road', 1), (8, 7, 'Road', 1)]"
398,"[(7, 9, 'Road', 1), (9, 10, 'Road', 1)]"
399,"[(4, 25, 'Sea', 1)]"
400,"[(10, 9, 'Road', 1), (9, 7, 'Road', 1)]"
401,"[(10, 9, 'Rail', 1), (9, 8, 'Rail', 2)]"
402,"[(3, 4, 'Sea', 1), (4, 5, 'Sea', 1), (5, 6, 'Sea', 1), (6, 7, 'Sea', 1), (7, 9, 'Sea', 1)]"
403,"[(12, 10, 'Sea', 1)]"
404,"[(10, 9, 'Road', 1), (9, 7, 'Road', 1), (7, 6, 'Road', 1)]"
405,"[(10, 11, 'Rail', 1)]"
406,"[(1, 2, 'Sea', 1), (2, 3, 'Sea', 1), (3, 4, 'Sea', 1), (4, 5, 'Sea', 1)]"
407,"[(7, 8, 'Road', 1), (8, 1, 'Road', 1), (1, 23, 'Road', 1)]"
408,"[(12, 21, 'Road', 1), (21, 22, 'Road', 1)]"
409,"[(22, 23, 'Rail', 1)]"
410,"[(23, 22, 'Rail', 1), (22, 8, 'Rail', 1), (8, 7, 'Rail', 1)]"
411,"[(4, 3, 'Road', 1), (3, 2, 'Road', 1), (2, 1, 'Road', 1), (1, 22, 'Road', 1)]"
412,"[(9, 7, 'Road', 1)]"
413,"[(22, 23, 'Sea', 1)]"
414,"[(6, 5, 'Sea', 1), (5, 4, 'Sea', 1), (4, 3, 'Sea', 1)]"
415,"[(25, 4, 'Sea', 1), (4, 5, 'Sea', 1), (5, 6, 'Sea', 1)]"
416,"[(3, 2, 'Rail', 1), (2, 1, 'Rail', 1), (1, 8, 'Rail', 1), (8, 9, 'Rail', 2), (9, 10, 'Rail', 1), (10, 11, 'Rail', 1), (11, 12, 'Rail', 1)]"
417,"[(10, 9, 'Sea', 1), (9, 7, 'Sea', 1), (7, 6, 'Sea', 1), (6, 5, 'Sea', 1)]"
418,"[(12, 11, 'Road', 1), (11, 10, 'Road', 1), (10, 9, 'Road', 1), (9, 7, 'Road', 1), (7, 6, 'Road', 1), (6, 5, 'Road', 1)]"
419,"[(21, 22, 'Road', 1)]"
420,"[(23, 1, 'Road', 1), (1, 5, 'Road', 1)]"
421,"[(10, 9, 'Rail', 1), (9, 8, 'Rail', 1), (8, 1, 'Rail', 1), (1, 5, 'Rail', 1)]"
422,"[(24, 23, 'Sea', 1), (23, 3, 'Sea', 1), (3, 4, 'Sea', 1), (4, 25, 'Sea', 1)]"
423,"[(13, 12, 'Sea', 1), (12, 10, 'Sea', 1), (10, 9, 'Sea', 1), (9, 7, 'Sea', 1), (7, 6, 'Sea', 1), (6, 5, 'Sea', 1), (5, 4, 'Sea', 1), (4, 3, 'Sea', 1), (3, 2, 'Sea', 1)]"
424,"[(8, 1, 'Road', 1), (1, 2, 'Road', 1)]"
425,"[(23, 22, 'Rail', 1), (22, 8, 'Rail', 1), (8, 1, 'Rail', 1), (1, 2, 'Rail', 1), (2, 3, 'Rail', 1)]"
426,"[(12, 11, 'Rail', 1), (11, 10, 'Rail', 1), (10, 9, 'Rail', 1), (9, 8, 'Rail', 2), (8, 1, 'Rail', 1), (1, 5, 'Rail', 1)]"
427,"[(2, 1, 'Rail', 1), (1, 8, 'Rail', 1), (8, 9, 'Rail', 2), (9, 21, 'Rail', 1)]"
428,"[(22, 23, 'Sea', 1), (23, 3, 'Sea', 1), (3, 4, 'Sea', 1), (4, 5, 'Sea', 1), (5, 6, 'Sea', 1), (6, 7, 'Sea', 1), (7, 9, 'Sea', 1), (9, 10, 'Sea', 1)]"
429,"[(4, 3, 'Sea', 1), (3, 2, 'Sea', 1), (2, 1, 'Sea', 1)]"
430,"[(1, 2, 'Sea', 1), (2, 3, 'Sea', 1), (3, 23, 'Sea', 1), (23, 22, 'Sea', 1)]"
431,"[(4, 3, 'Sea', 1), (3, 23, 'Sea', 1)]"
432,"[(8, 9, 'Road', 1), (9, 10, 'Road', 1), (10, 11, 'Road', 1), (11, 12, 'Road', 1), (12, 13, 'Road', 1)]"
433,"[(10, 21, 'Road', 1)]"
434,"[(11, 10, 'Sea', 1), (10, 12, 'Sea', 1), (12, 13, 'Sea', 1)]"
435,"[(13, 12, 'Road', 1)]"
436,"[(7, 8, 'Rail', 1), (8, 9, 'Rail', 2), (9, 10, 'Rail', 1), (10, 11, 'Rail', 1)]"
437,"[(23, 22, 'Rail', 1), (22, 8, 'Rail', 1), (8, 1, 'Rail', 1)]"
438,"[(11, 10, 'Road', 1), (10, 9, 'Road', 1), (9, 8, 'Road', 1), (8, 1, 'Road', 1), (1, 2, 'Road', 1), (2, 3, 'Road', 1)]"
439,"[(5, 1, 'Rail', 1), (1, 2, 'Rail', 1), (2, 3, 'Rail', 1)]"
440,"[(13, 12, 'Sea', 1), (12, 10, 'Sea', 1)]"
441,"[(7, 8, 'Rail', 1), (8, 9, 'Rail', 2), (9, 10, 'Rail', 1), (10, 11, 'Rail', 1), (11, 12, 'Rail', 1)]"
442,"[(5, 1, 'Rail', 1), (1, 8, 'Rail', 1), (8, 9, 'Rail', 1)]"
443,"[(5, 6, 'Sea', 1), (6, 7, 'Sea', 1), (7, 9, 'Sea', 1), (9, 10, 'Sea', 1), (10, 12, 'Sea', 1)]"
444,"[(1, 8, 'Rail', 1), (8, 22, 'Rail', 1), (22, 23, 'Rail', 1)]"
445,"[(4, 3, 'Rail', 1), (3, 2, 'Rail', 1), (2, 1, 'Rail', 1), (1, 8, 'Rail', 1), (8, 9, 'Rail', 1), (9, 10, 'Rail', 1), (10, 11, 'Rail', 1), (11, 12, 'Rail', 1)]"
446,"[(12, 11, 'Road', 1), (11, 10, 'Road', 1), (10, 9, 'Road', 1), (9, 7, 'Road', 1), (7, 6, 'Road', 1)]"
447,"[(25, 4, 'Sea', 1), (4, 3, 'Sea', 1), (3, 2, 'Sea', 1), (2, 1, 'Sea', 1)]"
448,"[(22, 23, 'Sea', 1), (23, 3, 'Sea', 1), (3, 4, 'Sea', 1), (4, 5, 'Sea', 1), (5, 6, 'Sea', 1), (6, 7, 'Sea', 1), (7, 9, 'Sea', 1)]"
449,"[(12, 10, 'Sea', 1), (10, 9, 'Sea', 1), (9, 7, 'Sea', 1), (7, 6, 'Sea', 1), (6, 5, 'Sea', 1), (5, 4, 'Sea', 1), (4, 3, 'Sea', 1), (3, 23, 'Sea', 1), (23, 24, 'Sea', 1)]"
450,"[(10, 9, 'Road', 1)]"
451,"[(2, 1, 'Rail', 1), (1, 5, 'Rail', 1)]"
452,"[(3, 2, 'Road', 1), (2, 1, 'Road', 1), (1, 8, 'Road', 1), (8, 9, 'Road', 1), (9, 21, 'Road', 1)]"
453,"[(21, 11, 'Rail', 1), (11, 12, 'Rail', 1)]"
454,"[(22, 23, 'Sea', 1), (23, 3, 'Sea', 1), (3, 4, 'Sea', 1), (4, 5, 'Sea', 1), (5, 6, 'Sea', 1), (6, 7, 'Sea', 1), (7, 9, 'Sea', 1), (9, 10, 'Sea', 1), (10, 12, 'Sea', 1), (12, 13, 'Sea', 1)]"
455,"[(4, 5, 'Sea', 1)]"
456,"[(1, 5, 'Road', 1), (5, 6, 'Road', 1)]"
457,"[(12, 11, 'Road', 1), (11, 10, 'Road', 1), (10, 9, 'Road', 1), (9, 8, 'Road', 1), (8, 1, 'Road', 1), (1, 2, 'Road', 1), (2, 3, 'Road', 1)]"
458,"[(1, 2, 'Rail', 1)]"
459,"[(23, 22, 'Rail', 1), (22, 8, 'Rail', 1), (8, 9, 'Rail', 2)]"
460,"[(9, 7, 'Sea', 1), (7, 6, 'Sea', 1), (6, 5, 'Sea', 1), (5, 4, 'Sea', 1), (4, 3, 'Sea', 1), (3, 23, 'Sea', 1), (23, 24, 'Sea', 1)]"
461,"[(6, 7, 'Road', 1), (7, 9, 'Road', 1), (9, 10, 'Road', 1), (10, 11, 'Road', 1)]"
462,"[(3, 2, 'Rail', 1), (2, 1, 'Rail', 1), (1, 8, 'Rail', 1), (8, 9, 'Rail', 2), (9, 10, 'Rail', 1)]"
463,"[(9, 8, 'Rail', 2)]"
464,"[(23, 22, 'Road', 1), (22, 21, 'Road', 1)]"
465,"[(22, 23, 'Sea', 1), (23, 3, 'Sea', 1), (3, 4, 'Sea', 1), (4, 5, 'Sea', 1), (5, 6, 'Sea', 1), (6, 7, 'Sea', 1)]"
466,"[(8, 9, 'Road', 1)]"
467,"[(23, 24, 'Sea', 1)]"
468,"[(1, 8, 'Rail', 1), (8, 9, 'Rail', 1)]"
469,"[(24, 23, 'Sea', 1), (23, 3, 'Sea', 1), (3, 2, 'Sea', 1)]"
470,"[(4, 3, 'Road', 1), (3, 2, 'Road', 1), (2, 1, 'Road', 1)]"
471,"[(21, 12, 'Road', 1)]"
472,"[(10, 9, 'Sea', 1), (9, 7, 'Sea', 1), (7, 6, 'Sea', 1), (6, 5, 'Sea', 1), (5, 4, 'Sea', 1), (4, 3, 'Sea', 1), (3, 23, 'Sea', 1), (23, 22, 'Sea', 1)]"
473,"[(1, 2, 'Sea', 1), (2, 3, 'Sea', 1), (3, 23, 'Sea', 1)]"
474,"[(23, 1, 'Road', 1), (1, 8, 'Road', 1), (8, 9, 'Road', 1), (9, 10, 'Road', 1), (10, 11, 'Road', 1), (11, 12, 'Road', 1), (12, 13, 'Road', 1)]"
475,"[(24, 23, 'Sea', 1), (23, 22, 'Sea', 1)]"
476,"[(25, 4, 'Sea', 1), (4, 3, 'Sea', 1), (3, 2, 'Sea', 1)]"
477,"[(7, 8, 'Road', 1), (8, 1, 'Road', 1), (1, 2, 'Road', 1)]"
478,"[(6, 5, 'Sea', 1), (5, 4, 'Sea', 1), (4, 3, 'Sea', 1), (3, 2, 'Sea', 1), (2, 1, 'Sea', 1)]"
479,"[(8, 9, 'Rail', 1), (9, 10, 'Rail', 1), (10, 11, 'Rail', 1)]"
480,"[(13, 12, 'Sea', 1), (12, 10, 'Sea', 1), (10, 9, 'Sea', 1), (9, 7, 'Sea', 1), (7, 6, 'Sea', 1), (6, 5, 'Sea', 1), (5, 4, 'Sea', 1), (4, 3, 'Sea', 1), (3, 23, 'Sea', 1), (23, 24, 'Sea', 1)]"
481,"[(22, 8, 'Rail', 1), (8, 9, 'Rail', 1)]"
482,"[(10, 9, 'Road', 1), (9, 7, 'Road', 1), (7, 6, 'Road', 1), (6, 5, 'Road', 1), (5, 4, 'Road', 1)]"
483,"[(9, 7, 'Sea', 1), (7, 6, 'Sea', 1), (6, 5, 'Sea', 1)]"
484,"[(4, 3, 'Rail', 1), (3, 2, 'Rail', 1), (2, 1, 'Rail', 1), (1, 8, 'Rail', 1), (8, 9, 'Rail', 2), (9, 10, 'Rail', 1), (10, 11, 'Rail', 1)]"
485,"[(24, 23, 'Sea', 1)]"
486,"[(21, 9, 'Road', 1), (9, 7, 'Road', 1), (7, 6, 'Road', 1)]"
487,"[(13, 12, 'Road', 1), (12, 11, 'Road', 1), (11, 10, 'Road', 1), (10, 9, 'Road', 1), (9, 8, 'Road', 1), (8, 1, 'Road', 1)]"
488,"[(9, 8, 'Rail', 1), (8, 1, 'Rail', 1), (1, 2, 'Rail', 1), (2, 3, 'Rail', 1)]"
489,"[(11, 10, 'Sea', 1), (10, 9, 'Sea', 1)]"
490,"[(7, 8, 'Road', 1), (8, 1, 'Road', 1)]"
491,"[(12, 11, 'Rail', 1), (11, 10, 'Rail', 1), (10, 9, 'Rail', 1), (9, 8, 'Rail', 1), (8, 1, 'Rail', 1), (1, 2, 'Rail', 1), (2, 3, 'Rail', 1), (3, 4, 'Rail', 1)]"
492,"[(6, 5, 'Sea', 1), (5, 4, 'Sea', 1)]"
493,"[(25, 4, 'Sea', 1), (4, 5, 'Sea', 1), (5, 6, 'Sea', 1), (6, 7, 'Sea', 1), (7, 9, 'Sea', 1)]"
494,"[(22, 8, 'Rail', 1)]"
495,"[(3, 23, 'Sea', 1), (23, 24, 'Sea', 1)]"
496,"[(21, 9, 'Rail', 1), (9, 8, 'Rail', 1), (8, 1, 'Rail', 1), (1, 2, 'Rail', 1), (2, 3, 'Rail', 1)]"
497,"[(21, 11, 'Road', 1)]"
498,"[(5, 1, 'Rail', 1), (1, 8, 'Rail', 1), (8, 22, 'Rail', 1)]"
499,"[(21, 9, 'Road', 1), (9, 7, 'Road', 1), (7, 6, 'Road', 1), (6, 5, 'Road', 1), (5, 4, 'Road', 1)]"
500,"[(6, 7, 'Sea', 1)]"
501,"[(8, 1, 'Rail', 1), (1, 5, 'Rail', 1)]"
502,"[(11, 10, 'Rail', 1), (10, 9, 'Rail', 1), (9, 8, 'Rail', 1), (8, 7, 'Rail', 1)]"
503,"[(21, 9, 'Rail', 1), (9, 8, 'Rail', 2)]"
504,"[(23, 22, 'Rail', 1), (22, 8, 'Rail', 1)]"
505,"[(25, 4, 'Sea', 1), (4, 5, 'Sea', 1), (5, 6, 'Sea', 1), (6, 7, 'Sea', 1), (7, 9, 'Sea', 1), (9, 10, 'Sea', 1), (10, 12, 'Sea', 1), (12, 13, 'Sea', 1)]"
506,"[(9, 10, 'Rail', 1)]"
507,"[(23, 1, 'Road', 1), (1, 8, 'Road', 1), (8, 9, 'Road', 1), (9, 10, 'Road', 1), (10, 11, 'Road', 1)]"
508,"[(21, 12, 'Road', 1), (12, 13, 'Road', 1)]"
509,"[(7, 6, 'Sea', 1), (6, 5, 'Sea', 1), (5, 4, 'Sea', 1), (4, 3, 'Sea', 1), (3, 23, 'Sea', 1)]"
510,"[(10, 9, 'Road', 1), (9, 8, 'Road', 1), (8, 1, 'Road', 1), (1, 2, 'Road', 1), (2, 3, 'Road', 1)]"
511,"[(25, 4, 'Sea', 1), (4, 5, 'Sea', 1)]"
512,"[(11, 10, 'Sea', 1), (10, 9, 'Sea', 1), (9, 7, 'Sea', 1)]"
513,"[(23, 3, 'Sea', 1), (3, 4, 'Sea', 1)]"
514,"[(4, 5, 'Sea', 1), (5, 6, 'Sea', 1), (6, 7, 'Sea', 1), (7, 9, 'Sea', 1), (9, 10, 'Sea', 1), (10, 11, 'Sea', 1)]"
515,"[(5, 1, 'Road', 1), (1, 23, 'Road', 1)]"
516,"[(4, 3, 'Rail', 1), (3, 2, 'Rail', 1), (2, 1, 'Rail', 1), (1, 8, 'Rail', 1), (8, 9, 'Rail', 2), (9, 21, 'Rail', 1)]"
517,"[(13, 12, 'Road', 1), (12, 21, 'Road', 1), (21, 22, 'Road', 1)]"
518,"[(1, 2, 'Rail', 1), (2, 3, 'Rail', 1)]"
519,"[(9, 7, 'Sea', 1), (7, 6, 'Sea', 1)]"
520,"[(9, 8, 'Road', 1), (8, 1, 'Road', 1), (1, 23, 'Road', 1)]"
521,"[(7, 9, 'Sea', 1), (9, 10, 'Sea', 1), (10, 11, 'Sea', 1)]"
522,"[(1, 8, 'Rail', 1), (8, 22, 'Rail', 1)]"
523,"[(5, 4, 'Sea', 1), (4, 3, 'Sea', 1), (3, 2, 'Sea', 1)]"
524,"[(1, 2, 'Road', 1), (2, 3, 'Road', 1), (3, 4, 'Road', 1)]"
525,"[(11, 10, 'Rail', 1), (10, 9, 'Rail', 1), (9, 8, 'Rail', 2), (8, 7, 'Rail', 1)]"
526,"[(11, 10, 'Rail', 1), (10, 9, 'Rail', 1)]"
527,"[(4, 3, 'Rail', 1), (3, 2, 'Rail', 1), (2, 1, 'Rail', 1), (1, 8, 'Rail', 1), (8, 22, 'Rail', 1), (22, 23, 'Rail', 1)]"
528,"[(11, 10, 'Sea', 1), (10, 9, 'Sea', 1), (9, 7, 'Sea', 1), (7, 6, 'Sea', 1), (6, 5, 'Sea', 1), (5, 4, 'Sea', 1), (4, 3, 'Sea', 1), (3, 23, 'Sea', 1), (23, 22, 'Sea', 1)]"
529,"[(3, 2, 'Rail', 1), (2, 1, 'Rail', 1), (1, 8, 'Rail', 1), (8, 9, 'Rail', 2), (9, 21, 'Rail', 1)]"
530,"[(6, 7, 'Sea', 1), (7, 9, 'Sea', 1), (9, 10, 'Sea', 1), (10, 11, 'Sea', 1)]"
531,"[(5, 6, 'Road', 1), (6, 7, 'Road', 1), (7, 9, 'Road', 1), (9, 10, 'Road', 1)]"
532,"[(2, 3, 'Road', 1)]"
533,"[(9, 7, 'Sea', 1), (7, 6, 'Sea', 1), (6, 5, 'Sea', 1), (5, 4, 'Sea', 1), (4, 3, 'Sea', 1), (3, 2, 'Sea', 1), (2, 1, 'Sea', 1)]"
534,"[(2, 1, 'Rail', 1), (1, 8, 'Rail', 1), (8, 9, 'Rail', 1), (9, 10, 'Rail', 1), (10, 11, 'Rail', 1)]"
535,"[(6, 7, 'Road', 1), (7, 9, 'Road', 1), (9, 21, 'Road', 1)]"
536,"[(6, 5, 'Road', 1), (5, 1, 'Road', 1), (1, 23, 'Road', 1)]"
537,"[(10, 9, 'Rail', 1), (9, 8, 'Rail', 2), (8, 1, 'Rail', 1)]"
538,"[(5, 6, 'Sea', 1), (6, 7, 'Sea', 1)]"
539,"[(2, 1, 'Rail', 1), (1, 8, 'Rail', 1), (8, 9, 'Rail', 1)]"
540,"[(1, 23, 'Road', 1)]"
541,"[(13, 12, 'Road', 1), (12, 11, 'Road', 1), (11, 10, 'Road', 1), (10, 9, 'Road', 1), (9, 7, 'Road', 1), (7, 6, 'Road', 1), (6, 5, 'Road', 1), (5, 4, 'Road', 1)]"
542,"[(3, 2, 'Rail', 1), (2, 1, 'Rail', 1), (1, 8, 'Rail', 1), (8, 7, 'Rail', 1)]"
543,"[(5, 2, 'Road', 1)]"
544,"[(10, 9, 'Road', 1), (9, 8, 'Road', 1), (8, 1, 'Road', 1), (1, 23, 'Road', 1)]"
545,"[(23, 3, 'Sea', 1), (3, 4, 'Sea', 1), (4, 5, 'Sea', 1)]"
546,"[(3, 2, 'Road', 1), (2, 1, 'Road', 1), (1, 23, 'Road', 1)]"
547,"[(5, 1, 'Rail', 1)]"
548,"[(22, 23, 'Sea', 1), (23, 3, 'Sea', 1), (3, 4, 'Sea', 1), (4, 5, 'Sea', 1), (5, 6, 'Sea', 1)]"
549,"[(2, 5, 'Road', 1), (5, 6, 'Road', 1)]"
550,"[(12, 11, 'Road', 1), (11, 10, 'Road', 1), (10, 9, 'Road', 1), (9, 8, 'Road', 1)]"
551,"[(7, 6, 'Road', 1), (6, 5, 'Road', 1), (5, 4, 'Road', 1)]"
552,"[(2, 3, 'Sea', 1), (3, 4, 'Sea', 1), (4, 5, 'Sea', 1), (5, 6, 'Sea', 1), (6, 7, 'Sea', 1)]"
553,"[(5, 4, 'Sea', 1), (4, 3, 'Sea', 1), (3, 2, 'Sea', 1), (2, 1, 'Sea', 1)]"
554,"[(7, 6, 'Sea', 1), (6, 5, 'Sea', 1), (5, 4, 'Sea', 1), (4, 3, 'Sea', 1), (3, 23, 'Sea', 1), (23, 22, 'Sea', 1)]"
555,"[(10, 9, 'Rail', 1), (9, 8, 'Rail', 1), (8, 7, 'Rail', 1)]"
556,"[(11, 10, 'Rail', 1), (10, 9, 'Rail', 1), (9, 8, 'Rail', 2), (8, 1, 'Rail', 1), (1, 2, 'Rail', 1)]"
557,"[(11, 12, 'Road', 1), (12, 13, 'Road', 1)]"
558,"[(10, 11, 'Road', 1)]"
559,"[(2, 3, 'Sea', 1), (3, 4, 'Sea', 1)]"
560,"[(3, 4, 'Road', 1), (4, 5, 'Road', 1), (5, 6, 'Road', 1)]"
561,"[(12, 11, 'Road', 1), (11, 10, 'Road', 1), (10, 9, 'Road', 1), (9, 7, 'Road', 1)]"
562,"[(12, 11, 'Road', 1), (11, 10, 'Road', 1), (10, 9, 'Road', 1)]"
563,"[(2, 1, 'Road', 1), (1, 8, 'Road', 1), (8, 9, 'Road', 1), (9, 10, 'Road', 1), (10, 11, 'Road', 1), (11, 12, 'Road', 1), (12, 13, 'Road', 1)]"
564,"[(2, 1, 'Road', 1), (1, 23, 'Road', 1)]"
565,"[(3, 2, 'Rail', 1), (2, 1, 'Rail', 1), (1, 8, 'Rail', 1), (8, 22, 'Rail', 1), (22, 23, 'Rail', 1)]"
566,"[(11, 10, 'Road', 1), (10, 9, 'Road', 1), (9, 7, 'Road', 1), (7, 6, 'Road', 1)]"
567,"[(9, 10, 'Road', 1), (10, 11, 'Road', 1), (11, 12, 'Road', 1), (12, 13, 'Road', 1)]"
568,"[(23, 22, 'Road', 1)]"
569,"[(11, 21, 'Road', 1), (21, 22, 'Road', 1)]"
570,"[(23, 3, 'Sea', 1), (3, 4, 'Sea', 1), (4, 25, 'Sea', 1)]"
571,"[(6, 7, 'Road', 1), (7, 9, 'Road', 1)]"
572,"[(9, 10, 'Rail', 1), (10, 11, 'Rail', 1)]"
573,"[(9, 21, 'Rail', 1)]"
574,"[(10, 9, 'Rail', 1), (9, 8, 'Rail', 1), (8, 1, 'Rail', 1)]"
575,"[(11, 10, 'Road', 1), (10, 9, 'Road', 1), (9, 7, 'Road', 1), (7, 6, 'Road', 1), (6, 5, 'Road', 1)]"
576,"[(12, 11, 'Rail', 1), (11, 10, 'Rail', 1), (10, 9, 'Rail', 1), (9, 8, 'Rail', 2), (8, 1, 'Rail', 1), (1, 2, 'Rail', 1), (2, 3, 'Rail', 1), (3, 4, 'Rail', 1)]"
577,"[(12, 11, 'Rail', 1), (11, 21, 'Rail', 1)]"
578,"[(9, 8, 'Road', 1), (8, 1, 'Road', 1), (1, 2, 'Road', 1)]"
579,"[(9, 8, 'Rail', 1), (8, 1, 'Rail', 1), (1, 5, 'Rail', 1)]"
580,"[(3, 2, 'Rail', 1)]"
581,"[(2, 1, 'Rail', 1), (1, 8, 'Rail', 1), (8, 9, 'Rail', 1), (9, 10, 'Rail', 1), (10, 11, 'Rail', 1), (11, 12, 'Rail', 1)]"
582,"[(10, 9, 'Sea', 1), (9, 7, 'Sea', 1), (7, 6, 'Sea', 1), (6, 5, 'Sea', 1), (5, 4, 'Sea', 1), (4, 3, 'Sea', 1), (3, 23, 'Sea', 1), (23, 24, 'Sea', 1)]"
583,"[(3, 2, 'Road', 1), (2, 1, 'Road', 1), (1, 8, 'Road', 1), (8, 9, 'Road', 1), (9, 10, 'Road', 1), (10, 11, 'Road', 1), (11, 12, 'Road', 1)]"
584,"[(3, 2, 'Road', 1)]"
585,"[(3, 2, 'Rail', 1), (2, 1, 'Rail', 1), (1, 8, 'Rail', 1), (8, 9, 'Rail', 2)]"
586,"[(7, 8, 'Rail', 1), (8, 1, 'Rail', 1), (1, 2, 'Rail', 1), (2, 3, 'Rail', 1), (3, 4, 'Rail', 1)]"
587,"[(7, 8, 'Rail', 1), (8, 1, 'Rail', 1), (1, 5, 'Rail', 1)]"
588,"[(5, 6, 'Sea', 1), (6, 7, 'Sea', 1), (7, 9, 'Sea', 1), (9, 10, 'Sea', 1)]"
589,"[(9, 10, 'Sea', 1), (10, 11, 'Sea', 1)]"
590,"[(7, 6, 'Sea', 1), (6, 5, 'Sea', 1), (5, 4, 'Sea', 1), (4, 25, 'Sea', 1)]"
591,"[(12, 10, 'Sea', 1), (10, 9, 'Sea', 1)]"
592,"[(23, 3, 'Sea', 1), (3, 4, 'Sea', 1), (4, 5, 'Sea', 1), (5, 6, 'Sea', 1), (6, 7, 'Sea', 1), (7, 9, 'Sea', 1), (9, 10, 'Sea', 1), (10, 12, 'Sea', 1)]"
593,"[(9, 7, 'Sea', 1), (7, 6, 'Sea', 1), (6, 5, 'Sea', 1), (5, 4, 'Sea', 1), (4, 3, 'Sea', 1), (3, 23, 'Sea', 1)]"
594,"[(4, 3, 'Road', 1), (3, 2, 'Road', 1), (2, 1, 'Road', 1), (1, 23, 'Road', 1)]"
595,"[(12, 11, 'Rail', 1), (11, 21, 'Rail', 1), (21, 22, 'Rail', 1), (22, 23, 'Rail', 1)]"
596,"[(10, 9, 'Rail', 1), (9, 8, 'Rail', 2), (8, 1, 'Rail', 1), (1, 2, 'Rail', 1), (2, 3, 'Rail', 1)]"
597,"[(24, 23, 'Sea', 1), (23, 3, 'Sea', 1), (3, 4, 'Sea', 1), (4, 5, 'Sea', 1), (5, 6, 'Sea', 1), (6, 7, 'Sea', 1), (7, 9, 'Sea', 1)]"
598,"[(11, 10, 'Sea', 1), (10, 9, 'Sea', 1), (9, 7, 'Sea', 1), (7, 6, 'Sea', 1), (6, 5, 'Sea', 1), (5, 4, 'Sea', 1), (4, 25, 'Sea', 1)]"
599,"[(8, 1, 'Rail', 1), (1, 2, 'Rail', 1), (2, 3, 'Rail', 1), (3, 4, 'Rail', 1)]"
600,"[(2, 1, 'Rail', 1), (1, 8, 'Rail', 1), (8, 22, 'Rail', 1)]"
601,"[(2, 1, 'Road', 1), (1, 8, 'Road', 1), (8, 9, 'Road', 1), (9, 10, 'Road', 1)]"
602,"[(22, 1, 'Road', 1), (1, 2, 'Road', 1), (2, 3, 'Road', 1), (3, 4, 'Road', 1)]"
603,"[(8, 9, 'Road', 1), (9, 10, 'Road', 1), (10, 11, 'Road', 1)]"
604,"[(8, 9, 'Rail', 1)]"
605,"[(23, 22, 'Rail', 1), (22, 21, 'Rail', 1), (21, 11, 'Rail', 1), (11, 10, 'Rail', 1)]"
606,"[(1, 2, 'Road', 1)]"
607,"[(4, 3, 'Sea', 1), (3, 2, 'Sea', 1)]"
608,"[(21, 10, 'Road', 1)]"
609,"[(2, 1, 'Road', 1), (1, 8, 'Road', 1), (8, 9, 'Road', 1)]"
610,"[(23, 1, 'Road', 1), (1, 2, 'Road', 1), (2, 3, 'Road', 1), (3, 4, 'Road', 1)]"
611,"[(7, 8, 'Rail', 1), (8, 9, 'Rail', 1), (9, 10, 'Rail', 1), (10, 11, 'Rail', 1), (11, 12, 'Rail', 1)]"
612,"[(10, 11, 'Rail', 1), (11, 12, 'Rail', 1)]"
613,"[(10, 9, 'Road', 1), (9, 8, 'Road', 1), (8, 1, 'Road', 1), (1, 2, 'Road', 1)]"
614,"[(9, 8, 'Rail', 1), (8, 22, 'Rail', 1), (22, 23, 'Rail', 1)]"
615,"[(9, 8, 'Rail', 2), (8, 1, 'Rail', 1), (1, 5, 'Rail', 1)]"
616,"[(3, 4, 'Sea', 1), (4, 5, 'Sea', 1)]"
617,"[(9, 8, 'Road', 1), (8, 1, 'Road', 1)]"
618,"[(9, 22, 'Road', 1)]"
619,"[(1, 2, 'Sea', 1), (2, 3, 'Sea', 1), (3, 4, 'Sea', 1), (4, 25, 'Sea', 1)]"
620,"[(7, 8, 'Rail', 1), (8, 22, 'Rail', 1), (22, 23, 'Rail', 1)]"
621,"[(7, 8, 'Rail', 1), (8, 1, 'Rail', 1)]"
622,"[(4, 5, 'Road', 1), (5, 6, 'Road', 1), (6, 7, 'Road', 1), (7, 9, 'Road', 1), (9, 10, 'Road', 1)]"
623,"[(5, 6, 'Road', 1)]"
624,"[(13, 12, 'Sea', 1), (12, 10, 'Sea', 1), (10, 9, 'Sea', 1), (9, 7, 'Sea', 1), (7, 6, 'Sea', 1)]"
625,"[(22, 23, 'Sea', 1), (23, 24, 'Sea', 1)]"
626,"[(22, 21, 'Rail', 1), (21, 11, 'Rail', 1), (11, 10, 'Rail', 1)]"
627,"[(5, 1, 'Rail', 1), (1, 8, 'Rail', 1), (8, 22, 'Rail', 1), (22, 23, 'Rail', 1)]"
628,"[(3, 23, 'Sea', 1), (23, 22, 'Sea', 1)]"
629,"[(2, 3, 'Sea', 1), (3, 4, 'Sea', 1), (4, 5, 'Sea', 1)]"
630,"[(6, 7, 'Road', 1), (7, 9, 'Road', 1), (9, 10, 'Road', 1), (10, 11, 'Road', 1), (11, 12, 'Road', 1), (12, 13, 'Road', 1)]"
631,"[(12, 13, 'Road', 1)]"
632,"[(23, 3, 'Sea', 1), (3, 4, 'Sea', 1), (4, 5, 'Sea', 1), (5, 6, 'Sea', 1), (6, 7, 'Sea', 1), (7, 9, 'Sea', 1), (9, 10, 'Sea', 1)]"
633,"[(7, 8, 'Rail', 1), (8, 9, 'Rail', 2)]"
634,"[(9, 10, 'Sea', 1), (10, 12, 'Sea', 1), (12, 13, 'Sea', 1)]"
635,"[(11, 10, 'Rail', 1), (10, 9, 'Rail', 1), (9, 8, 'Rail', 1), (8, 1, 'Rail', 1), (1, 2, 'Rail', 1)]"
636,"[(11, 10, 'Sea', 1), (10, 9, 'Sea', 1), (9, 7, 'Sea', 1), (7, 6, 'Sea', 1), (6, 5, 'Sea', 1), (5, 4, 'Sea', 1), (4, 3, 'Sea', 1), (3, 23, 'Sea', 1), (23, 24, 'Sea', 1)]"
637,"[(23, 3, 'Sea', 1)]"
638,"[(5, 6, 'Road', 1), (6, 7, 'Road', 1), (7, 9, 'Road', 1), (9, 10, 'Road', 1), (10, 11, 'Road', 1), (11, 12, 'Road', 1)]"
639,"[(1, 8, 'Rail', 1), (8, 9, 'Rail', 2), (9, 10, 'Rail', 1), (10, 11, 'Rail', 1), (11, 12, 'Rail', 1)]"
640,"[(3, 4, 'Sea', 1), (4, 5, 'Sea', 1), (5, 6, 'Sea', 1), (6, 7, 'Sea', 1), (7, 9, 'Sea', 1), (9, 10, 'Sea', 1), (10, 12, 'Sea', 1)]"
641,"[(2, 3, 'Sea', 1), (3, 23, 'Sea', 1), (23, 22, 'Sea', 1)]"
642,"[(5, 1, 'Road', 1), (1, 8, 'Road', 1)]"
643,"[(11, 10, 'Rail', 1), (10, 9, 'Rail', 1), (9, 8, 'Rail', 1), (8, 1, 'Rail', 1), (1, 2, 'Rail', 1), (2, 3, 'Rail', 1), (3, 4, 'Rail', 1)]"
644,"[(11, 21, 'Rail', 1), (21, 22, 'Rail', 1)]"
645,"[(9, 7, 'Sea', 1)]"
646,"[(12, 10, 'Sea', 1), (10, 9, 'Sea', 1), (9, 7, 'Sea', 1), (7, 6, 'Sea', 1), (6, 5, 'Sea', 1)]"
647,"[(2, 1, 'Rail', 1), (1, 8, 'Rail', 1), (8, 22, 'Rail', 1), (22, 23, 'Rail', 1)]"
648,"[(10, 9, 'Rail', 1)]"
649,"[(9, 10, 'Sea', 1)]"
650,"[(22, 8, 'Rail', 1), (8, 1, 'Rail', 1), (1, 2, 'Rail', 1)]"
651,"[(2, 1, 'Rail', 1), (1, 8, 'Rail', 1)]"
652,"[(13, 12, 'Road', 1), (12, 21, 'Road', 1)]"
653,"[(9, 8, 'Road', 1), (8, 1, 'Road', 1), (1, 2, 'Road', 1), (2, 3, 'Road', 1)]"
654,"[(10, 9, 'Rail', 1), (9, 8, 'Rail', 2), (8, 1, 'Rail', 1), (1, 2, 'Rail', 1), (2, 3, 'Rail', 1), (3, 4, 'Rail', 1)]"
655,"[(12, 10, 'Sea', 1), (10, 9, 'Sea', 1), (9, 7, 'Sea', 1), (7, 6, 'Sea', 1), (6, 5, 'Sea', 1), (5, 4, 'Sea', 1), (4, 3, 'Sea', 1), (3, 23, 'Sea', 1)]"
656,"[(25, 4, 'Sea', 1)]"
657,"[(10, 9, 'Rail', 1), (9, 8, 'Rail', 1), (8, 1, 'Rail', 1), (1, 2, 'Rail', 1), (2, 3, 'Rail', 1), (3, 4, 'Rail', 1)]"
658,"[(8, 22, 'Rail', 1)]"
659,"[(12, 11, 'Road', 1), (11, 10, 'Road', 1), (10, 9, 'Road', 1), (9, 7, 'Road', 1), (7, 6, 'Road', 1), (6, 5, 'Road', 1), (5, 4, 'Road', 1)]"
660,"[(10, 9, 'Sea', 1), (9, 7, 'Sea', 1), (7, 6, 'Sea', 1), (6, 5, 'Sea', 1), (5, 4, 'Sea', 1), (4, 3, 'Sea', 1), (3, 2, 'Sea', 1), (2, 1, 'Sea', 1)]"
661,"[(4, 5, 'Sea', 1), (5, 6, 'Sea', 1), (6, 7, 'Sea', 1)]"
662,"[(8, 1, 'Rail', 1), (1, 2, 'Rail', 1), (2, 3, 'Rail', 1)]"
663,"[(5, 1, 'Rail', 1), (1, 8, 'Rail', 1), (8, 9, 'Rail', 2), (9, 10, 'Rail', 1), (10, 11, 'Rail', 1)]"
664,"[(25, 4, 'Sea', 1), (4, 5, 'Sea', 1), (5, 6, 'Sea', 1), (6, 7, 'Sea', 1), (7, 9, 'Sea', 1), (9, 10, 'Sea', 1), (10, 11, 'Sea', 1)]"
665,"[(10, 9, 'Road', 1), (9, 8, 'Road', 1), (8, 1, 'Road', 1)]"
666,"[(13, 12, 'Road', 1), (12, 11, 'Road', 1), (11, 10, 'Road', 1), (10, 9, 'Road', 1), (9, 7, 'Road', 1), (7, 6, 'Road', 1), (6, 5, 'Road', 1)]"
667,"[(24, 23, 'Sea', 1), (23, 3, 'Sea', 1), (3, 4, 'Sea', 1), (4, 5, 'Sea', 1), (5, 6, 'Sea', 1), (6, 7, 'Sea', 1), (7, 9, 'Sea', 1), (9, 10, 'Sea', 1), (10, 11, 'Sea', 1)]"
668,"[(7, 6, 'Sea', 1), (6, 5, 'Sea', 1), (5, 4, 'Sea', 1), (4, 3, 'Sea', 1), (3, 23, 'Sea', 1), (23, 24, 'Sea', 1)]"
669,"[(1, 2, 'Sea', 1), (2, 3, 'Sea', 1), (3, 4, 'Sea', 1), (4, 5, 'Sea', 1), (5, 6, 'Sea', 1)]"
670,"[(21, 9, 'Rail', 1), (9, 8, 'Rail', 2), (8, 1, 'Rail', 1), (1, 5, 'Rail', 1)]"
671,"[(2, 1, 'Road', 1)]"
672,"[(22, 1, 'Road', 1), (1, 5, 'Road', 1)]"
673,"[(21, 9, 'Road', 1), (9, 8, 'Road', 1), (8, 1, 'Road', 1), (1, 2, 'Road', 1), (2, 3, 'Road', 1)]"
674,"[(12, 11, 'Rail', 1), (11, 10, 'Rail', 1), (10, 9, 'Rail', 1), (9, 8, 'Rail', 2), (8, 1, 'Rail', 1), (1, 2, 'Rail', 1), (2, 3, 'Rail', 1)]"
675,"[(4, 3, 'Rail', 1), (3, 2, 'Rail', 1), (2, 1, 'Rail', 1), (1, 8, 'Rail', 1), (8, 9, 'Rail', 1)]"
676,"[(2, 1, 'Rail', 1), (1, 8, 'Rail', 1), (8, 9, 'Rail', 2), (9, 10, 'Rail', 1), (10, 11, 'Rail', 1)]"
677,"[(1, 8, 'Rail', 1), (8, 9, 'Rail', 1), (9, 10, 'Rail', 1)]"
678,"[(7, 6, 'Sea', 1), (6, 5, 'Sea', 1), (5, 4, 'Sea', 1), (4, 3, 'Sea', 1), (3, 2, 'Sea', 1)]"
679,"[(4, 5, 'Sea', 1), (5, 6, 'Sea', 1), (6, 7, 'Sea', 1), (7, 9, 'Sea', 1), (9, 10, 'Sea', 1), (10, 12, 'Sea', 1), (12, 13, 'Sea', 1)]"
680,"[(4, 3, 'Rail', 1), (3, 2, 'Rail', 1), (2, 1, 'Rail', 1), (1, 8, 'Rail', 1), (8, 9, 'Rail', 2), (9, 10, 'Rail', 1)]"
681,"[(11, 10, 'Sea', 1), (10, 9, 'Sea', 1), (9, 7, 'Sea', 1), (7, 6, 'Sea', 1), (6, 5, 'Sea', 1), (5, 4, 'Sea', 1)]"
682,"[(2, 1, 'Road', 1), (1, 8, 'Road', 1), (8, 9, 'Road', 1), (9, 21, 'Road', 1)]"
683,"[(3, 2, 'Road', 1), (2, 1, 'Road', 1), (1, 8, 'Road', 1)]"
684,"[(4, 3, 'Sea', 1)]"
685,"[(11, 10, 'Rail', 1), (10, 9, 'Rail', 1), (9, 8, 'Rail', 2), (8, 1, 'Rail', 1), (1, 2, 'Rail', 1), (2, 3, 'Rail', 1)]"
686,"[(23, 1, 'Road', 1), (1, 2, 'Road', 1)]"
687,"[(10, 9, 'Rail', 1), (9, 8, 'Rail', 1), (8, 1, 'Rail', 1), (1, 2, 'Rail', 1)]"
688,"[(12, 11, 'Rail', 1), (11, 10, 'Rail', 1), (10, 9, 'Rail', 1), (9, 8, 'Rail', 2)]"
689,"[(5, 1, 'Rail', 1), (1, 8, 'Rail', 1)]"
690,"[(6, 7, 'Road', 1), (7, 9, 'Road', 1), (9, 10, 'Road', 1)]"
691,"[(13, 12, 'Sea', 1), (12, 10, 'Sea', 1), (10, 9, 'Sea', 1), (9, 7, 'Sea', 1), (7, 6, 'Sea', 1), (6, 5, 'Sea', 1), (5, 4, 'Sea', 1)]"
692,"[(1, 8, 'Road', 1), (8, 7, 'Road', 1)]"
693,"[(5, 1, 'Rail', 1), (1, 8, 'Rail', 1), (8, 7, 'Rail', 1)]"
694,"[(2, 1, 'Road', 1), (1, 8, 'Road', 1)]"
695,"[(12, 10, 'Sea', 1), (10, 11, 'Sea', 1)]"
696,"[(12, 10, 'Sea', 1), (10, 9, 'Sea', 1), (9, 7, 'Sea', 1)]"
697,"[(7, 9, 'Road', 1), (9, 10, 'Road', 1), (10, 11, 'Road', 1)]"
698,"[(4, 3, 'Rail', 1), (3, 2, 'Rail', 1), (2, 1, 'Rail', 1), (1, 8, 'Rail', 1), (8, 9, 'Rail', 2), (9, 10, 'Rail', 1), (10, 11, 'Rail', 1), (11, 12, 'Rail', 1)]"
699,"[(9, 8, 'Rail', 2), (8, 1, 'Rail', 1), (1, 2, 'Rail', 1), (2, 3, 'Rail', 1)]"
700,"[(2, 3, 'Sea', 1), (3, 23, 'Sea', 1)]"
701,"[(21, 11, 'Rail', 1), (11, 10, 'Rail', 1)]"
702,"[(4, 5, 'Road', 1), (5, 6, 'Road', 1), (6, 7, 'Road', 1), (7, 9, 'Road', 1), (9, 21, 'Road', 1)]"
703,"[(3, 4, 'Road', 1), (4, 5, 'Road', 1)]"
704,"[(5, 6, 'Sea', 1), (6, 7, 'Sea', 1), (7, 9, 'Sea', 1)]"
705,"[(2, 3, 'Sea', 1), (3, 4, 'Sea', 1), (4, 5, 'Sea', 1), (5, 6, 'Sea', 1), (6, 7, 'Sea', 1), (7, 9, 'Sea', 1), (9, 10, 'Sea', 1)]"
706,"[(11, 12, 'Rail', 1)]"
707,"[(9, 7, 'Sea', 1), (7, 6, 'Sea', 1), (6, 5, 'Sea', 1), (5, 4, 'Sea', 1)]"
708,"[(4, 5, 'Road', 1), (5, 6, 'Road', 1), (6, 7, 'Road', 1), (7, 9, 'Road', 1)]"
709,"[(22, 21, 'Road', 1), (21, 11, 'Road', 1)]"
710,"[(1, 8, 'Rail', 1), (8, 7, 'Rail', 1)]"
711,"[(2, 3, 'Sea', 1), (3, 4, 'Sea', 1), (4, 5, 'Sea', 1), (5, 6, 'Sea', 1)]"
712,"[(22, 23, 'Sea', 1), (23, 3, 'Sea', 1), (3, 4, 'Sea', 1), (4, 5, 'Sea', 1)]"
713,"[(3, 2, 'Road', 1), (2, 1, 'Road', 1), (1, 8, 'Road', 1), (8, 9, 'Road', 1)]"
714,"[(11, 10, 'Rail', 1), (10, 9, 'Rail', 1), (9, 8, 'Rail', 2), (8, 1, 'Rail', 1), (1, 2, 'Rail', 1), (2, 3, 'Rail', 1), (3, 4, 'Rail', 1)]"
715,"[(24, 23, 'Sea', 1), (23, 3, 'Sea', 1), (3, 2, 'Sea', 1), (2, 1, 'Sea', 1)]"
716,"[(2, 5, 'Road', 1)]"
717,"[(11, 10, 'Rail', 1), (10, 9, 'Rail', 1), (9, 8, 'Rail', 2)]"
718,"[(4, 3, 'Rail', 1), (3, 2, 'Rail', 1), (2, 1, 'Rail', 1), (1, 8, 'Rail', 1), (8, 22, 'Rail', 1)]"
719,"[(7, 6, 'Sea', 1), (6, 5, 'Sea', 1), (5, 4, 'Sea', 1)]"
720,"[(21, 11, 'Rail', 1)]"
721,"[(6, 5, 'Sea', 1)]"
722,"[(11, 10, 'Road', 1), (10, 9, 'Road', 1), (9, 8, 'Road', 1), (8, 1, 'Road', 1), (1, 23, 'Road', 1)]"
723,"[(22, 21, 'Rail', 1)]"
724,"[(22, 8, 'Rail', 1), (8, 7, 'Rail', 1)]"
725,"[(4, 3, 'Rail', 1)]"
726,"[(10, 9, 'Rail', 1), (9, 8, 'Rail', 1)]"
727,"[(23, 22, 'Rail', 1), (22, 21, 'Rail', 1)]"
728,"[(23, 1, 'Road', 1)]"
729,"[(1, 8, 'Rail', 1), (8, 9, 'Rail', 1), (9, 21, 'Rail', 1)]"
730,"[(21, 9, 'Rail', 1), (9, 8, 'Rail', 1), (8, 1, 'Rail', 1), (1, 5, 'Rail', 1)]"
731,"[(9, 8, 'Rail', 2), (8, 7, 'Rail', 1)]"
732,"[(6, 5, 'Sea', 1), (5, 4, 'Sea', 1), (4, 3, 'Sea', 1), (3, 23, 'Sea', 1)]"
733,"[(7, 6, 'Road', 1)]"
734,"[(5, 1, 'Rail', 1), (1, 8, 'Rail', 1), (8, 9, 'Rail', 1), (9, 10, 'Rail', 1), (10, 11, 'Rail', 1), (11, 12, 'Rail', 1)]"
735,"[(23, 22, 'Rail', 1)]"
